-- Adminer 4.8.1 MySQL 10.11.2-MariaDB-1 dump

SET NAMES utf8;
SET time_zone = '+00:00';
SET foreign_key_checks = 0;
SET sql_mode = 'NO_AUTO_VALUE_ON_ZERO';

USE `auto`;

DROP TABLE IF EXISTS `admin`;
CREATE TABLE `admin` (
  `id` int(11) NOT NULL AUTO_INCREMENT,
  `username` varchar(500) NOT NULL,
  `email` varchar(30) NOT NULL,
  `password` varchar(100) NOT NULL,
  `fname` varchar(50) NOT NULL,
  `lname` varchar(500) NOT NULL,
  `gender` varchar(500) NOT NULL,
  `dob` text NOT NULL,
  `contact` text NOT NULL,
  `address` varchar(500) NOT NULL,
  `image` varchar(2000) NOT NULL,
  `created_on` date NOT NULL,
  `group_id` int(11) NOT NULL,
  PRIMARY KEY (`id`)
) ENGINE=InnoDB DEFAULT CHARSET=latin1 COLLATE=latin1_swedish_ci;

INSERT INTO `admin` (`id`, `username`, `email`, `password`, `fname`, `lname`, `gender`, `dob`, `contact`, `address`, `image`, `created_on`, `group_id`) VALUES
(1,	'admin',	'admin@admin.in',	'aa7f019c326413d5b8bcad4314228bcd33ef557f5d81c7cc977f7728156f4357',	'Nikhil',	'Bhalerao',	'Male',	'1988-05-29',	'9423979339',	'Nashik',	'20141025_004121_918_Developer.png',	'2018-04-30',	1);

DROP TABLE IF EXISTS `allot`;
CREATE TABLE `allot` (
  `id` int(60) NOT NULL AUTO_INCREMENT,
  `exam_id` int(50) NOT NULL,
  `room_type_id` int(60) NOT NULL,
  `class_id` int(50) NOT NULL,
  `added_date` datetime NOT NULL DEFAULT '0000-00-00 00:00:00' ON UPDATE current_timestamp(),
  `modify_date` timestamp NULL DEFAULT NULL,
  PRIMARY KEY (`id`)
) ENGINE=InnoDB DEFAULT CHARSET=latin1 COLLATE=latin1_swedish_ci;

INSERT INTO `allot` (`id`, `exam_id`, `room_type_id`, `class_id`, `added_date`, `modify_date`) VALUES
(10,	2,	4,	2,	'0000-00-00 00:00:00',	NULL);

DROP TABLE IF EXISTS `allot_student`;
CREATE TABLE `allot_student` (
  `id` int(100) NOT NULL AUTO_INCREMENT,
  `allot_id` int(60) NOT NULL,
  `exam_id` int(50) NOT NULL,
  `start_time` varchar(20) DEFAULT NULL,
  `end_time` varchar(20) DEFAULT NULL,
  `room_id` int(50) NOT NULL,
  `student_id` int(50) NOT NULL,
  `teacher_id` int(50) DEFAULT NULL,
  `stud_id` varchar(50) NOT NULL,
  PRIMARY KEY (`id`)
) ENGINE=InnoDB DEFAULT CHARSET=latin1 COLLATE=latin1_swedish_ci;

INSERT INTO `allot_student` (`id`, `allot_id`, `exam_id`, `start_time`, `end_time`, `room_id`, `student_id`, `teacher_id`, `stud_id`) VALUES
(6,	10,	2,	'',	'',	5,	1,	1,	'22pca02');

DROP TABLE IF EXISTS `exam`;
CREATE TABLE `exam` (
  `id` int(60) NOT NULL AUTO_INCREMENT,
  `name` varchar(60) NOT NULL,
  `p_id` varchar(20) NOT NULL,
  `session` varchar(20) NOT NULL,
  `semester` varchar(20) NOT NULL,
  `exam_date` date NOT NULL,
  `start_time` varchar(50) DEFAULT NULL,
  `end_time` varchar(50) DEFAULT NULL,
  `added_date` date NOT NULL,
  `status` int(11) NOT NULL,
  PRIMARY KEY (`id`)
) ENGINE=InnoDB DEFAULT CHARSET=latin1 COLLATE=latin1_swedish_ci;

INSERT INTO `exam` (`id`, `name`, `p_id`, `session`, `semester`, `exam_date`, `start_time`, `end_time`, `added_date`, `status`) VALUES
(2,	'I - M.Sc Tamil',	'1',	'FN',	'Sem-2',	'2023-06-17',	'',	'',	'2023-06-13',	0);

DROP TABLE IF EXISTS `manage_website`;
CREATE TABLE `manage_website` (
  `id` int(11) NOT NULL AUTO_INCREMENT,
  `title` varchar(600) NOT NULL,
  `short_title` varchar(600) NOT NULL,
  `logo` text NOT NULL,
  `footer` text NOT NULL,
  `currency_code` varchar(600) CHARACTER SET utf16 COLLATE utf16_bin NOT NULL,
  `currency_symbol` varchar(10) NOT NULL,
  `login_logo` text NOT NULL,
  `invoice_logo` text NOT NULL,
  `background_login_image` text NOT NULL,
  PRIMARY KEY (`id`)
) ENGINE=InnoDB DEFAULT CHARSET=latin1 COLLATE=latin1_swedish_ci;

INSERT INTO `manage_website` (`id`, `title`, `short_title`, `logo`, `footer`, `currency_code`, `currency_symbol`, `login_logo`, `invoice_logo`, `background_login_image`) VALUES
(1,	'GOVT ARTS SALEM-7 EXAM CONTROL',	'EXAM CONTROL',	'Logo.png',	'Upturn India Technology',	'INR',	'$',	'ExamAppHeader.jpg',	'',	'1.jpg');

DROP TABLE IF EXISTS `room`;
CREATE TABLE `room` (
  `id` int(30) NOT NULL AUTO_INCREMENT,
  `type_id` int(60) NOT NULL,
  `name` varchar(30) NOT NULL,
  `strenght` int(11) NOT NULL,
  `alacated` int(11) NOT NULL,
  `status` int(11) NOT NULL,
  PRIMARY KEY (`id`)
) ENGINE=InnoDB DEFAULT CHARSET=latin1 COLLATE=latin1_swedish_ci;

INSERT INTO `room` (`id`, `type_id`, `name`, `strenght`, `alacated`, `status`) VALUES
(5,	4,	'A1',	30,	0,	0),
(6,	4,	'A2',	60,	0,	1),
(7,	4,	'A3',	60,	0,	1);

DROP TABLE IF EXISTS `room_type`;
CREATE TABLE `room_type` (
  `id` int(30) NOT NULL AUTO_INCREMENT,
  `roomname` varchar(30) NOT NULL,
  PRIMARY KEY (`id`)
) ENGINE=InnoDB DEFAULT CHARSET=latin1 COLLATE=latin1_swedish_ci;

INSERT INTO `room_type` (`id`, `roomname`) VALUES
(4,	'COE Block'),
(5,	'Tower Block');

DROP TABLE IF EXISTS `tbl_class`;
CREATE TABLE `tbl_class` (
  `id` int(30) NOT NULL AUTO_INCREMENT,
  `dept_id` int(11) NOT NULL,
  `classname` varchar(30) NOT NULL,
  PRIMARY KEY (`id`)
) ENGINE=InnoDB DEFAULT CHARSET=latin1 COLLATE=latin1_swedish_ci;

INSERT INTO `tbl_class` (`id`, `dept_id`, `classname`) VALUES
(1,	1,	'B.A. (Tamil)'),
(2,	1,	'M.A. (Tamil)'),
(3,	2,	' B.A. (English)'),
(4,	2,	' M.A. (English)'),
(5,	3,	' B.A. (History)'),
(6,	3,	' M.A. (History)'),
(7,	4,	' B.A. (Economics)'),
(8,	4,	' M.A. (Economics)'),
(9,	8,	' B.A. (Political Science)'),
(10,	8,	' M.A.(Political Science)'),
(11,	7,	' B.A. (Public Administration)'),
(12,	10,	' M.A. (Human Rights)'),
(13,	5,	'B.Com.'),
(14,	5,	'M.Com.'),
(15,	6,	'B.Com.(Co-Operation)'),
(16,	6,	'M.Com.(Co-Operation)'),
(17,	21,	'B.Com (Computer Application)'),
(18,	7,	'BBA'),
(19,	7,	'MBA'),
(20,	11,	'B.Sc.(Mathematics)'),
(21,	11,	'M.Sc.(Mathematics)'),
(22,	12,	' B.Sc.(Statistics)'),
(23,	12,	' M.Sc.(Statistics)'),
(24,	13,	' B.Sc.(Physics)'),
(25,	13,	' M.Sc.(Physics)'),
(26,	14,	' B.Sc.(Chemistry)'),
(27,	14,	'M.Sc.(Chemistry)'),
(28,	15,	'B.Sc.(Botany)'),
(29,	15,	' M.Sc.(Botany)'),
(30,	16,	' B.Sc. (Zoology)'),
(31,	16,	' M.Sc. (Zoology)'),
(32,	17,	' B.Sc.(Geology)'),
(33,	17,	' M.Sc.(Geology)'),
(34,	18,	' B.Sc.(Geography)'),
(35,	18,	' M.Sc.(Geography)'),
(36,	19,	' B.Sc. (Computer Science)'),
(37,	19,	' M.Sc. (Computer Science)'),
(38,	20,	' B.C.A'),
(39,	20,	' M.C.A');

SET NAMES utf8mb4;

DROP TABLE IF EXISTS `tbl_department`;
CREATE TABLE `tbl_department` (
  `dept_id` int(11) NOT NULL AUTO_INCREMENT,
  `dept_name` varchar(200) NOT NULL,
  `dept_status` int(11) NOT NULL DEFAULT 1,
  PRIMARY KEY (`dept_id`)
) ENGINE=InnoDB DEFAULT CHARSET=utf8mb4 COLLATE=utf8mb4_general_ci;

INSERT INTO `tbl_department` (`dept_id`, `dept_name`, `dept_status`) VALUES
(1,	'TAMIL',	1),
(2,	'ENGLISH',	1),
(3,	'HISTORY',	1),
(4,	'ECONOMICS',	1),
(5,	'COMMERCE',	1),
(6,	'CO-OPERATION',	1),
(7,	'BUSINESS ADMINISTRATION',	1),
(8,	'POLITICAL SCIENCE',	1),
(9,	'PUBLIC ADMINISTRATION',	1),
(10,	'HUMAN RIGHTS',	1),
(11,	'MATHEMATICS',	1),
(12,	'STATISTICS',	1),
(13,	'PHYSICS',	1),
(14,	'CHEMISTRY',	1),
(15,	'BOTANY',	1),
(16,	'ZOOLOGY',	1),
(17,	'GEOLOGY',	1),
(18,	'GEOGRAPHY',	1),
(19,	'COMPUTER SCIENCE',	1),
(20,	'COMPUTER APPLICATIONS',	1),
(21,	'COMMERCE (CA)',	1);

DROP TABLE IF EXISTS `tbl_email_config`;
CREATE TABLE `tbl_email_config` (
  `e_id` int(21) NOT NULL AUTO_INCREMENT,
  `name` varchar(500) NOT NULL,
  `mail_driver_host` varchar(5000) NOT NULL,
  `mail_port` int(50) NOT NULL,
  `mail_username` varchar(50) NOT NULL,
  `mail_password` varchar(35) NOT NULL,
  `smtp_sec_type` varchar(30) NOT NULL,
  `mail_encrypt` varchar(300) NOT NULL,
  PRIMARY KEY (`e_id`)
) ENGINE=InnoDB DEFAULT CHARSET=latin1 COLLATE=latin1_swedish_ci;

INSERT INTO `tbl_email_config` (`e_id`, `name`, `mail_driver_host`, `mail_port`, `mail_username`, `mail_password`, `smtp_sec_type`, `mail_encrypt`) VALUES
(1,	'<student register> ',	'smtp.gmail.com',	587,	'ndbhalerao91@gmail.com',	'abc@123',	'TLS',	'sdsad');

DROP TABLE IF EXISTS `tbl_group`;
CREATE TABLE `tbl_group` (
  `id` int(11) NOT NULL AUTO_INCREMENT,
  `name` varchar(200) NOT NULL,
  `description` varchar(200) NOT NULL,
  PRIMARY KEY (`id`)
) ENGINE=InnoDB DEFAULT CHARSET=latin1 COLLATE=latin1_swedish_ci;

INSERT INTO `tbl_group` (`id`, `name`, `description`) VALUES
(1,	'admin',	'admin');

DROP TABLE IF EXISTS `tbl_payment`;
CREATE TABLE `tbl_payment` (
  `pay_Id` int(100) NOT NULL AUTO_INCREMENT,
  `stud_Id` varchar(50) DEFAULT '0',
  `MID` varchar(255) DEFAULT NULL,
  `WEBSITE` varchar(255) DEFAULT NULL,
  `INDUSTRY_TYPE_ID` varchar(255) DEFAULT NULL,
  `CHANNEL_ID` varchar(255) DEFAULT NULL,
  `ORDER_ID` varchar(255) DEFAULT NULL,
  `MOBILE_NO` varchar(255) DEFAULT NULL,
  `EMAIL` varchar(255) DEFAULT NULL,
  `TXN_AMOUNT` varchar(255) DEFAULT NULL,
  `CALLBACK_URL` varchar(255) DEFAULT NULL,
  `MERCHANT_KEY` varchar(255) DEFAULT NULL,
  `CHECKSUMHASH` varchar(255) DEFAULT NULL,
  `TXNID` varchar(255) DEFAULT NULL,
  `BANKTXNID` varchar(255) DEFAULT NULL,
  `TXNAMOUNT` varchar(255) DEFAULT NULL,
  `STATUS` varchar(255) DEFAULT NULL,
  `TXNTYPE` varchar(255) DEFAULT NULL,
  `GATEWAYNAME` varchar(255) DEFAULT NULL,
  `RESPCODE` varchar(255) DEFAULT NULL,
  `RESPMSG` varchar(255) DEFAULT NULL,
  `BANKNAME` varchar(255) DEFAULT NULL,
  `PAYMENTMODE` varchar(255) DEFAULT NULL,
  `REFUNDAMT` varchar(255) DEFAULT NULL,
  `TXNDATE` varchar(255) DEFAULT NULL,
  `pay_amount` int(10) DEFAULT NULL,
  `payment_status` varchar(10) DEFAULT NULL,
  `pay_type` varchar(30) DEFAULT NULL,
  `delete_pay` varchar(10) DEFAULT NULL,
  `entry_date` datetime DEFAULT NULL,
  `modified_date` datetime DEFAULT NULL,
  `orgId` int(100) DEFAULT NULL,
  `userId` varchar(50) DEFAULT NULL,
  PRIMARY KEY (`pay_Id`)
) ENGINE=InnoDB DEFAULT CHARSET=latin1 COLLATE=latin1_swedish_ci;


DROP TABLE IF EXISTS `tbl_permission`;
CREATE TABLE `tbl_permission` (
  `id` int(11) NOT NULL AUTO_INCREMENT,
  `name` varchar(200) NOT NULL,
  `display_name` varchar(200) NOT NULL,
  `operation` varchar(200) NOT NULL,
  PRIMARY KEY (`id`)
) ENGINE=InnoDB DEFAULT CHARSET=latin1 COLLATE=latin1_swedish_ci;

INSERT INTO `tbl_permission` (`id`, `name`, `display_name`, `operation`) VALUES
(1,	'manage_student',	'Manage Student',	'manage_student'),
(2,	'add_student',	'Add Student',	'add_student'),
(3,	'edit_student',	'Edit Student',	'edit_student'),
(4,	'delete_student',	'Delete Student',	'delete_student'),
(5,	'manage_teacher',	'Manage Teacher',	'manage_teacher'),
(6,	'add_teacher',	'Add Teacher',	'add_teacher'),
(7,	'edit_teacher',	'Edit Teacher',	'edit_teacher'),
(8,	'delete_teacher',	'Delete Teacher',	'delete_teacher'),
(9,	'manage_subject',	'Manage Subject',	'manage_subject'),
(10,	'add_subject',	'Add Subject',	'add_subject'),
(11,	'edit_subject',	'Edit Subject',	'edit_subject'),
(12,	'delete_subject',	'Delete Subject',	'delete_subject'),
(13,	'manage_class',	'Manage Class',	'manage_class'),
(14,	'add_class',	'Add Class',	'add_class'),
(15,	'edit_class',	'Edit Class',	'edit_class'),
(16,	'delete_class',	'Delete Class',	'delete_class'),
(17,	'manage_user',	'Manage User',	'manage_user'),
(18,	'add_user',	'Add User',	'add_user'),
(19,	'edit_user',	'Edit User',	'edit_user'),
(20,	'delete_user',	'Delete User',	'delete_user'),
(21,	'manage_exam',	'Manage Exam',	'manage_exam'),
(22,	'manage_Sub_asign',	'Manage Subject Asign',	'manage_Sub_asign'),
(23,	'manage_dept',	'Manage Department',	'manage_dept'),
(24,	'manage_attendence',	'Manage Attendence',	'manage_attendence'),
(25,	'add_attendence',	'Add Attendence',	'add_attendence');

DROP TABLE IF EXISTS `tbl_permission_role`;
CREATE TABLE `tbl_permission_role` (
  `id` int(30) NOT NULL AUTO_INCREMENT,
  `permission_id` int(30) NOT NULL,
  `role_id` int(30) NOT NULL,
  PRIMARY KEY (`id`)
) ENGINE=InnoDB DEFAULT CHARSET=latin1 COLLATE=latin1_swedish_ci;

INSERT INTO `tbl_permission_role` (`id`, `permission_id`, `role_id`) VALUES
(1,	1,	1),
(2,	2,	1),
(3,	3,	1),
(4,	4,	1),
(5,	5,	1),
(6,	6,	1),
(7,	7,	1),
(8,	8,	1),
(9,	9,	1),
(10,	10,	1),
(11,	11,	1),
(12,	12,	1),
(13,	13,	1),
(14,	14,	1),
(15,	15,	1),
(16,	16,	1),
(17,	17,	1),
(18,	18,	1),
(21,	21,	1),
(22,	22,	1),
(23,	23,	1),
(24,	24,	1),
(25,	25,	1),
(26,	26,	1);

DROP TABLE IF EXISTS `tbl_sms_config`;
CREATE TABLE `tbl_sms_config` (
  `smsid` int(20) NOT NULL AUTO_INCREMENT,
  `senderid` int(20) NOT NULL,
  `sms_username` varchar(30) NOT NULL,
  `sms_password` varchar(20) NOT NULL,
  `auth_key` varchar(80) NOT NULL,
  PRIMARY KEY (`smsid`)
) ENGINE=InnoDB DEFAULT CHARSET=latin1 COLLATE=latin1_swedish_ci;

INSERT INTO `tbl_sms_config` (`smsid`, `senderid`, `sms_username`, `sms_password`, `auth_key`) VALUES
(1,	101,	'username',	'password',	'authkey');

DROP TABLE IF EXISTS `tbl_student`;
CREATE TABLE `tbl_student` (
  `id` int(11) NOT NULL AUTO_INCREMENT,
  `stud_id` varchar(50) NOT NULL,
  `sfname` varchar(30) NOT NULL,
  `slname` varchar(30) NOT NULL,
  `dept_id` int(11) NOT NULL,
  `class_id` varchar(30) NOT NULL,
  `semail` varchar(50) NOT NULL,
  `password` varchar(250) NOT NULL,
  `sgender` varchar(30) NOT NULL,
  `sdob` date NOT NULL,
  `scontact` varchar(10) NOT NULL,
  `saddress` varchar(50) NOT NULL,
  `sstatus` int(11) NOT NULL,
  PRIMARY KEY (`id`)
) ENGINE=InnoDB DEFAULT CHARSET=latin1 COLLATE=latin1_swedish_ci;


DROP TABLE IF EXISTS `tbl_subasign`;
CREATE TABLE `tbl_subasign` (
  `id` int(11) NOT NULL AUTO_INCREMENT,
  `cls_id` varchar(10) NOT NULL,
  `p_id` varchar(10) NOT NULL,
  `dept_id` int(11) NOT NULL,
  `status` int(10) NOT NULL,
  PRIMARY KEY (`id`)
) ENGINE=InnoDB DEFAULT CHARSET=utf8mb4 COLLATE=utf8mb4_general_ci;

INSERT INTO `tbl_subasign` (`id`, `cls_id`, `p_id`, `dept_id`, `status`) VALUES
(23,	'2',	'1',	4,	0),
(25,	'2',	'3',	4,	0),
(26,	'2',	'2',	4,	0),
(27,	'2',	'',	4,	0);

DROP TABLE IF EXISTS `tbl_subject`;
CREATE TABLE `tbl_subject` (
  `id` int(30) NOT NULL AUTO_INCREMENT,
  `part` varchar(10) NOT NULL,
  `paper_code` varchar(10) NOT NULL,
  `subjectname` varchar(500) NOT NULL,
  `status` varchar(10) NOT NULL DEFAULT '1',
  PRIMARY KEY (`id`)
) ENGINE=InnoDB DEFAULT CHARSET=latin1 COLLATE=latin1_swedish_ci;

INSERT INTO `tbl_subject` (`id`, `part`, `paper_code`, `subjectname`, `status`) VALUES
(3,	'III',	'17AECE1',	'Allied Course - I : International Economics - I',	'1'),
(4,	'III',	'17UEC01',	'Core Course - I: Micro Economics - I',	'1'),
(5,	'III',	'17UEC02',	'Core Course - II: Indian Economy - Problems and Policies - I',	'1'),
(9,	'III',	'17AECE2',	'Allied Course - II: International Economics-II',	'1'),
(10,	'III',	'17UEC03',	'Core Course – III: Micro Economics-II',	'1'),
(11,	'III',	'17UEC04',	'Core Course - IV: Indian Economy - Problems and Policies - II',	'1'),
(15,	'III',	'17APL03',	'Allied Course - III: International Politics',	'1'),
(16,	'III',	'17UEC05',	'Core Course - V: Monetary Economics - I',	'1'),
(17,	'III',	'17UEC06',	'Core Course - VI: Quantitative Techniques-I',	'1'),
(18,	'IV',	'17UECN1',	'Non Major Elective Course - I: Economics for Competitive Examinations',	'1'),
(19,	'IV',	'17UECS1',	'Skill Based Elective Course - I: Transport Economics',	'1'),
(22,	'III',	'17APL04',	'Allied Course - IV: Indian Political System',	'1'),
(23,	'III',	'17UEC07',	'Core Course - VII: Monetary Economics-II',	'1'),
(24,	'III',	'17UEC08',	'Core Course- VIII: Quantitative Techniques - II',	'1'),
(25,	'IV',	'17UECN2',	'Non Major Elective Course - II: Introduction to Entrepreneurial Development',	'1'),
(26,	'IV',	'17UECS2',	'Skill Based Elective Course - II: Health Economics',	'1'),
(27,	'III',	'17UEC09',	'Core Course - IX: Macro Economics - I',	'1'),
(28,	'III',	'17UEC10',	'Core Course - X: Public Finance - I',	'1'),
(29,	'III',	'17UEC11',	'Core Course - XI: History of Economic Thought - I',	'1'),
(30,	'III',	'17UEC12',	'Core Course - XII: Financial Services',	'1'),
(31,	'III',	'17UECM1',	'Major Based Elective Course - I: Economics of Growth and Planning',	'1'),
(32,	'IV',	'17UECS3',	'Skill Based Elective Course - III: Banking Theory Law and Practice',	'1'),
(33,	'IV',	'17UECS4',	'Skill Based Elective Course - IV: Woman Studies and Development',	'1'),
(34,	'III',	'17UEC13',	'Core Course - XIII: Macro Economics - II',	'1'),
(35,	'III',	'17UEC14',	'Core Course - XIV: Public Finance - II',	'1'),
(36,	'III',	'17UEC15',	'Core Course - XV: History of Economic Thought - II',	'1'),
(37,	'III',	'17UEC16',	'Core Course - XVI: Marketing Management',	'1'),
(38,	'III',	'17UECM2',	'Major Based Elective Course - II: Elements of Export Marketing',	'1'),
(39,	'IV',	'17UECS5',	'Skill Based Elective Course - V: Energy Economics',	'1'),
(40,	'IV',	'17UECS6',	'Skill Based Elective Course - VI: Insurance Economics',	'1'),
(43,	'III',	'17AEL01',	'Allied Course - I: Social History of England',	'1'),
(44,	'III',	'17UEL01',	'Core Course - I: Chaucer and Elizabethan Age',	'1'),
(45,	'III',	'17UEL02',	'Core Course - II: Indian Writing in English',	'1'),
(49,	'III',	'17AEL02',	'Allied Course - II: Literary Forms and Terms',	'1'),
(50,	'III',	'17UEL03',	'Core Course – III: Milton and Neoclassical Age',	'1'),
(51,	'III',	'17UEL04',	'Core Course – IV: American Literature',	'1'),
(55,	'III',	'17AEL03',	'Allied Course - III: History of English Literature (450 - 1700)',	'1'),
(56,	'III',	'17UEL05',	'Core Course - V: The Romantic Age',	'1'),
(57,	'III',	'17UEL06',	'Core Course - VI: Commonwealth Literature',	'1'),
(58,	'IV',	'17UELN1',	'Non Major Elective Course - I: Communicative English - I',	'1'),
(59,	'IV',	'17UELS1',	'Skill Based Elective Course - I: Yoga for Human Excellence',	'1'),
(62,	'III',	'17AEL04',	'Allied Course - IV: History of English Literature (1701 - Present)',	'1'),
(63,	'III',	'17UEL07',	'Core Course - VII: Victorian Age',	'1'),
(64,	'III',	'17UEL08',	'Core Course - VIII: World Classics',	'1'),
(65,	'IV',	'17UELN2',	'Non Major Elective Course - II: Communicative English - II',	'1'),
(66,	'IV',	'17UELS2',	'Skill Based Elective Course - II: Employable Skills',	'1'),
(67,	'III',	'17UEL09',	'Core Course - IX: Shakespeare',	'1'),
(68,	'III',	'17UEL10',	'Core Course - X: Twentieth Century British Literature',	'1'),
(69,	'III',	'17UEL11',	'Core Course - XI: Dalit Literature',	'1'),
(70,	'III',	'17UEL12',	'Core Course - XII: Introduction to Literary Criticism',	'1'),
(71,	'III',	'17UELM1',	'Major Based Elective Course - I: Language and Linguistics',	'1'),
(72,	'IV',	'17UELS3',	'Skill Based Elective Course - III: Grammar through Reading',	'1'),
(73,	'IV',	'17UELS4',	'Skill Based Elective Course- IV: Introduction to Creative Writing',	'1'),
(74,	'III',	'17UEL13',	'Core Course - XIII: Women Writing',	'1'),
(75,	'III',	'17UEL14',	'Core Course - XIV: Life Writing',	'1'),
(76,	'III',	'17UEL15',	'Core Course - XV: E-Learning and English Language Teaching',	'1'),
(77,	'III',	'17UEL16',	'Core Course - XVI: Functional English',	'1'),
(78,	'III',	'17UELM2',	'Major Based Elective Course - II: Children’s Literature',	'1'),
(79,	'IV',	'17UELS5',	'Skill Based Elective Course - V: Journalism and Mass Communication',	'1'),
(80,	'IV',	'17UELS6',	'Skill Based Elective Course - VI: English for Competitive Examinations',	'1'),
(83,	'III',	'17AHT01',	'Allied Course - I: Tourism - Principles and Practices',	'1'),
(84,	'III',	'17UHT01',	'Core Course - I: History of Ancient Tamilagam',	'1'),
(85,	'III',	'17UHT02',	'Core Course-II: History of Ancient India Upto 300 CE',	'1'),
(89,	'III',	'17AHT02',	'Allied Course-II: Marketing in Tourism and Travel Management',	'1'),
(90,	'III',	'17UHT03',	'Core Course - III: History of TamilNadu from 1336 to 1800 CE',	'1'),
(91,	'III',	'17UHT04',	'Core Course- IV: History of Ancient India from 300 to 1206 CE',	'1'),
(95,	'III',	'17APL01',	'Allied Course - I: Indian Government and Politics',	'1'),
(96,	'III',	'17UHT05',	'Core Course - V: History of Medieval India From 1206 CE To 1707 CE',	'1'),
(97,	'III',	'17UHT06',	'Core Course - VI: History of Modern Tamil Nadu',	'1'),
(98,	'IV',	'17UHTN1',	'Non Major Elective Course - I: Cultural Heritage of India',	'1'),
(99,	'IV',	'17UHTS1',	'Skill Based Elective Course - I: Defence Studies',	'1'),
(102,	'III',	'17APL02',	'Allied Course - II: Modern Governments',	'1'),
(103,	'III',	'17UHT07',	'Core Course - VII: History of Modern India From 1707 CE To 1885 CE',	'1'),
(104,	'III',	'17UHT08',	'Core Course- VIII: History of China and Japan From 1800 CE To 1900 CE',	'1'),
(105,	'IV',	'17UHTN2',	'Non Major Elective Course - II: Indias March Towards Freedom',	'1'),
(106,	'IV',	'17UHTS2',	'Skill Based Elective Course - II: Elements of Indian Geography',	'1'),
(107,	'III',	'17UHT09',	'Core Course-IX: History of Modern India From 1885 CE To 1947 CE',	'1'),
(108,	'III',	'17UHT10',	'Core Course - X: History of Europe From 1453 CE To 1789 CE',	'1'),
(109,	'III',	'17UHT11',	'Core Course - XI: History of USA Up to 1865 CE',	'1'),
(110,	'III',	'17UHT12',	'Core Course- XII: History of England From 1603 CE To 1945 CE',	'1'),
(111,	'III',	'17UHTM1',	'Major Based Elective Course - I: Principles and Methods of Archaeology',	'1'),
(112,	'IV',	'17UHTS3',	'Skill Based Elective Course - III: Epigraphy',	'1'),
(113,	'IV',	'17UHTS4',	'Skill Based Elective Course - IV: Numismatics',	'1'),
(114,	'III',	'17UHT13',	'Core Course - XIII: History of Contemporary India',	'1'),
(115,	'III',	'17UHT14',	'Core Course - XIV: History of Europe From 1789 CE To 1990 CE',	'1'),
(116,	'III',	'17UHT15',	'Core Course - XV: History of USA From 1865 CE To 2000 CE',	'1'),
(117,	'III',	'17UHTM2',	'Major Based Elective Course - II: Science and Technology in India',	'1'),
(118,	'III',	'17UHTM3',	'Major Based Elective Course - III: History of Journalism and Mass Communication',	'1'),
(119,	'IV',	'17UHTS5',	'Skill Based Elective Course - V: Introduction To Museology',	'1'),
(120,	'IV',	'17UHTS6',	'Skill Based Elective Course - VI: General Intelligence',	'1'),
(123,	'III',	'17AHTA1',	'Allied Course - I: Main currents in Indian History - I',	'1'),
(124,	'III',	'17UPS01',	'Core Course - I: Principles of Political Science',	'1'),
(125,	'III',	'17UPS02',	'Core Course - II: Indian Constitution',	'1'),
(129,	'III',	'17AHTA2',	'Allied History Course-II Main currents in Indian History-II',	'1'),
(130,	'III',	'17UPS03',	'Core Course–III : Western Political Thought',	'1'),
(131,	'III',	'17UPS04',	'Core Course–IV : Mordern Political Systems -I',	'1'),
(136,	'III',	'17UPS05',	'Core Course -V: Organs of Government and Political Process',	'1'),
(137,	'III',	'17UPS06',	'Core Course - VI: Social and Political Thought in India',	'1'),
(138,	'IV',	'17UPSN1',	'Non Major Elective Course – I: Dynamics of Indian Politics',	'1'),
(139,	'IV',	'17UPSS1',	'Skill Based Elective Course - I: Contemporary Politics of India (1947 - 2004)',	'1'),
(143,	'III',	'17UPS07',	'Core Course - VII: Principles of Public Administration',	'1'),
(144,	'III',	'17UPS08',	'Core Course - VIII: Human Rights',	'1'),
(145,	'IV',	'17UPSN2',	'Non Major Elective Course - II: International Organization',	'1'),
(146,	'IV',	'17UPSS2',	'Skill Based Elective Course - II: Journalism and Mass Communication',	'1'),
(147,	'III',	'17UPS09',	'Core Course - IX: Indian Foreign Policy',	'1'),
(148,	'III',	'17UPS10',	'Core Course - X: Local Government in India',	'1'),
(149,	'III',	'17UPS11',	'Core Course - XI: International Relations',	'1'),
(150,	'III',	'17UPS12',	'Core Course - XII: E - Governance in India',	'1'),
(151,	'III',	'17UPSM1',	'Major Based Elective Course - I: National Movement In India',	'1'),
(152,	'IV',	'17UPSS3',	'Skill Based Elective Course - III: Citizen and Civic Awareness',	'1'),
(153,	'IV',	'17UPSS4',	'Skill Based Elective Course - IV: Political Parties and Pressure Groups',	'1'),
(154,	'III',	'17UPS13',	'Core Course - XIII: Modern Political System - II',	'1'),
(155,	'III',	'17UPS14',	'Core Course - XIV: Government and Politics of Tamil Nadu',	'1'),
(156,	'III',	'17UPS15',	'Core Course - XV: Public Policy and Analysis',	'1'),
(157,	'III',	'17UPSM2',	'Major Based Elective Course - II: Political Science for Competitive',	'1'),
(158,	'III',	'17UPSM3',	'Major Based Elective Course - III: Police Administration in India',	'1'),
(159,	'IV',	'17UPSS5',	'Skill Based Elective Course - V: NGO Management',	'1'),
(160,	'IV',	'17UPSS6',	'Skill Based Elective Course - VI: Labour Welfare in India',	'1'),
(164,	'III',	'17UPA01',	'Core Course - I: Principles of Public Administration',	'1'),
(165,	'III',	'17UPA02',	'Core Course - II: Administrative Thinkers',	'1'),
(170,	'III',	'17UPA03',	'Core Course–III : Principles of Management',	'1'),
(171,	'III',	'17UPA04',	'Core Course–IV : Indian Administration',	'1'),
(175,	'III',	'17AHTA1',	'Allied Course - I: Main Currents in Indian History-I',	'1'),
(176,	'III',	'17UPA05',	'Core Course- V: Modern Governments - I (UK, USA and SWISS)',	'1'),
(177,	'III',	'17UPA06',	'Core Course - VI: National Movement in India',	'1'),
(178,	'IV',	'17UPAN1',	'Non Major Elective Course – I: Gandhian Thought',	'1'),
(179,	'IV',	'17UPAS1',	'Skill Based Elective Course - I: Contemporary Politics of India (1947-2004)',	'1'),
(182,	'III',	'17AHTA2',	'Allied Course - II: Main Currents in Indian History - II',	'1'),
(183,	'III',	'17UPA07',	'Core Course - VII: Principles of Political Science',	'1'),
(184,	'III',	'17UPA08',	'Core Course - VIII: Modern Governments - II (France, China, Japan and Germany)',	'1'),
(185,	'IV',	'17UPAN2',	'Non Major Elective Course - II: Public Personnel Administration',	'1'),
(186,	'IV',	'17UPAS2',	'Skill Based Elective Course - II: Journalism and Mass Communication',	'1'),
(187,	'III',	'17UPA09',	'Core Course - IX: Financial Administration in India',	'1'),
(188,	'III',	'17UPA10',	'Core Course - X: Human Rights in India',	'1'),
(189,	'III',	'17UPA11',	'Core Course - XI: Local - Self Government in India',	'1'),
(190,	'III',	'17UPA12',	'Core Course - XII: Social Welfare Administration in India',	'1'),
(191,	'III',	'17UPAM1',	'Major Based Elective Course - I: Human Resource Management',	'1'),
(192,	'IV',	'17UPAS3',	'Skill Based Elective Course - III: Citizen and Civic Awareness',	'1'),
(193,	'IV',	'17UPAS4',	'Skill Based Elective Course - IV: Political Parties and Pressure Groups',	'1'),
(194,	'III',	'17UPA13',	'Core Course - XIII: Development Administration in India',	'1'),
(195,	'III',	'17UPA14',	'Core Course - XIV: International Organization and Administration',	'1'),
(196,	'III',	'17UPA15',	'Core Course - XV: Public Policy and Analysis',	'1'),
(197,	'III',	'17UPAM2',	'Major Based Elective Course - II: Public Administration for Competitive Examinations',	'1'),
(198,	'III',	'17UPAM3',	'Major Based Elective Course - III: Police Administration in India',	'1'),
(199,	'IV',	'17UPAS5',	'Skill Based Elective Course - V: NGO Management',	'1'),
(200,	'IV',	'17UPAS6',	'Skill Based Elective Course - VI: Labour Welfare Administration in India',	'1'),
(203,	'III',	'17ATL01',	'Allied Course - I: Tamizhar varalarum Panpadum – I',	'1'),
(204,	'III',	'17UTL01',	'Core Course – I: Ilakkanam – I Nannool Kandigai-Paayiramum Ezhuththathikaramum',	'1'),
(205,	'III',	'17UTL02',	'Core Course – II: Ikkala Ilakiyam',	'1'),
(209,	'III',	'17ATL02',	'Allied Course-II: Tamizhar Varalarum Panpadum – II',	'1'),
(210,	'III',	'17UTL03',	'Core Course – III: Ilakkanam - II Nannool Kandigai – Sollathikaram',	'1'),
(211,	'III',	'17UTL04',	'Core Course-IV: Ilakkiya Iyakkangal',	'1'),
(215,	'III',	'17ATL03',	'Allied Course-III: Tamil Ilakiya Ilakana Varalaru - I',	'1'),
(216,	'III',	'17UTL05',	'Core Course-V: Ilakkanam – III Yapparungalakkarigai',	'1'),
(217,	'III',	'17UTL06',	'Core Course-VI: Chittrilakkiyangal',	'1'),
(218,	'IV',	'17UTLN1',	'Non Major Elective Course - I: Nadaimurai Tamil Ilakiyam',	'1'),
(219,	'IV',	'17UTLS1',	'Skill Based Elective Course - I: Suttrulaviyal',	'1'),
(222,	'III',	'17ATL04',	'Allied Course - IV: Tamil Ilakiya Ilakana Varalaru - II',	'1'),
(223,	'III',	'17UTL07',	'Core Course - VII: Ilakkanam - IV Thandiyalangaram',	'1'),
(224,	'III',	'17UTL08',	'Core Course - VIII: Bakthi Ilakkiyam',	'1'),
(225,	'IV',	'17UTLN2',	'Non Major Elective Course - II: Nadaimurai Tamil Ilakanam',	'1'),
(226,	'IV',	'17UTLS2',	'Skill Based Elective Course - II: Sithar Elakiyam',	'1'),
(227,	'III',	'17UTL09',	'Core Course - IX: Ilakkanam - V Nambiyagapporul',	'1'),
(228,	'III',	'17UTL10',	'Core Course - X: Thiranaivukalai',	'1'),
(229,	'III',	'17UTL11',	'Core Course - XI: Sanga Ilakkiyam - Agam',	'1'),
(230,	'III',	'17UTLM1',	'Major Based Elective Course - I: Tamil Mozhi Varalaru',	'1'),
(231,	'IV',	'17UTLS3',	'Skill Based Elective Course - III: Siddha Maruthuvam',	'1'),
(232,	'IV',	'17UTLS4',	'Skill Based Elective Course - IV: Noolagaviyal',	'1'),
(233,	'III',	'17UTL12',	'Core Course - XII: Sanga Ilakkiyam - Puram',	'1'),
(234,	'III',	'17UTL13',	'Core Course - XIII: Purapporul Venbamalai',	'1'),
(235,	'III',	'17UTL14',	'Core Course - XIV: kappiyankal',	'1'),
(236,	'III',	'17UTL15',	'Core Course - XV: Aravilakkiyam',	'1'),
(237,	'III',	'17UTLM2',	'Major Based Elective Course - II: Nattupuraviyal',	'1'),
(238,	'III',	'17UTLM3',	'Major Based Elective Course - III: Thagaval Thodarpiyal',	'1'),
(239,	'IV',	'17UTLS5',	'Skill Based Elective Course - V: Kanini - Or Arimugam',	'1'),
(240,	'IV',	'17UTLS6',	'Skill Based Elective Course - VI: Tamilaga kalaikalum kalvettukalum',	'1'),
(244,	'III',	'17UBN01',	'Core Course - I: Principles of Management',	'1'),
(245,	'III',	'17UBN02',	'Core Course - II: Business Communication',	'1'),
(250,	'III',	'17UBN03',	'Core Course - III : Organisational Behaviour',	'1'),
(251,	'III',	'17UBN04',	'Core Course - IV : Financial Accounting',	'1'),
(254,	'III',	'17UBN05',	'Core Course - V: Financial Management',	'1'),
(255,	'III',	'17UBN06',	'Core Course -VI: Marketing Management',	'1'),
(256,	'III',	'17UBN07',	'Core Course - VII: Human Resource Management',	'1'),
(257,	'III',	'17UBN08',	'Core Course- VIII: Production and Materials Management',	'1'),
(258,	'IV',	'17UBNN1',	'Non Major Elective Course – I: Fundamentals of Management',	'1'),
(259,	'IV',	'17UBNS1',	'Skill Based Elective Course - I: Company Law',	'1'),
(261,	'III',	'17UBN09',	'Core Course - IX: Cost Accounting',	'1'),
(262,	'III',	'17UBN10',	'Core Course - X: Retail Management',	'1'),
(263,	'III',	'17UBN11',	'Core Course - XI: Business Law',	'1'),
(264,	'III',	'17UBN12',	'Core Course - XII: Management Information System',	'1'),
(265,	'IV',	'17UBNN2',	'Non Major Elective Course - II: Basics of Human Resource Management',	'1'),
(266,	'IV',	'17UBNS2',	'Skill Based Elective Course - II: Business Taxation',	'1'),
(267,	'III',	'17UBN13',	'Core Course - XIII: Financial Institutions and Services',	'1'),
(268,	'III',	'17UBN14',	'Core Course - XIV: Management Accounting',	'1'),
(269,	'III',	'17UBN15',	'Core Course - XV: Services Marketing',	'1'),
(270,	'III',	'17UBN16',	'Core Course - XVI: Labour Law and Industrial Relations',	'1'),
(271,	'IV',	'17UBNS3',	'Skill Based Elective Course - III: Research Methodology',	'1'),
(272,	'III',	'17UBN17',	'Core Course - XVII: Investment Management',	'1'),
(273,	'III',	'17UBN18',	'Core Course - XVIII: Entrepreneurial Development',	'1'),
(274,	'III',	'17UBN19',	'Core Course - XIX: Strategic Management',	'1'),
(275,	'IV',	'17UBNS5',	'Skill Based Elective Course - V: Export Management',	'1'),
(279,	'III',	'17UCA01',	'Core Course - I: Foundations of Computers',	'1'),
(285,	'III',	'17UCA02',	'Core Course – II: Programming in C',	'1'),
(288,	'III',	'17UCA03',	'Core Course - III: Data Structures',	'1'),
(289,	'III',	'17UCA04',	'Core Course - IV: Computer Architecture',	'1'),
(290,	'III',	'17UCA05',	'Core Course - V: Object Oriented Programming with C++',	'1'),
(291,	'IV',	'17UCAN1',	'Non Major Elective Course - I: Fundamental Computer Applications',	'1'),
(293,	'III',	'17UCA06',	'Core Course - VI: Visual Basic',	'1'),
(294,	'III',	'17UCA07',	'Core Course - VII: Operating Systems',	'1'),
(295,	'III',	'17UCA08',	'Core Course - VIII: Relational Database Management Systems',	'1'),
(296,	'IV',	'17UCAN2',	'Non Major Elective Course - II: Principles of Internet',	'1'),
(297,	'III',	'17UCA09',	'Core Course - IX: Software Engineering',	'1'),
(298,	'III',	'17UCA10',	'Core Course - X: Programming with Java',	'1'),
(299,	'III',	'17UCA11',	'Core Course - XI: Computer Networks',	'1'),
(300,	'III',	'17UCAM1',	'Major Based Elective Course - I: Multimedia Systems',	'1'),
(301,	'III',	'17UCA12',	'Core Course - XII: Web Programming',	'1'),
(302,	'III',	'17UCA13',	'Core Course - XIII: C#.Net Programming',	'1'),
(303,	'III',	'17UCAM2',	'Major Based Elective Course - II: Big Data and Analytics',	'1'),
(304,	'III',	'17UCAM3',	'Major Based Elective Course - III: Unix (2020 Batch)',	'1'),
(305,	'III',	'17UCAM3',	'Major Based Elective Course - III: Introduction to Data Mining and Warehousing (2019 Batch)',	'1'),
(309,	'III',	'17UCE01',	'Core Course - I: Financial Accounting - I',	'1'),
(310,	'III',	'17UCE02',	'Core Course - II: Business Communication',	'1'),
(315,	'III',	'17UCE03',	'Core Course - III: Financial Accounting - II',	'1'),
(316,	'III',	'17UCE04',	'Core Course - IV : Business Management',	'1'),
(319,	'III',	'17UCE05',	'Core Course - V: Business Law',	'1'),
(320,	'III',	'17UCE06',	'Core Course - VI: Company Accounts - I',	'1'),
(321,	'III',	'17UCE07',	'Core Course - VII: Entrepreneurship Development',	'1'),
(322,	'III',	'17UCE08',	'Core Course - VIII: Banking Theory',	'1'),
(323,	'IV',	'17UCEN1',	'Non Major Elective Course – I: Principles of Commerce',	'1'),
(324,	'IV',	'17UCES1',	'Skill Based Elective Course - I: Principles of Insurance',	'1'),
(326,	'III',	'17UCE09',	'Core Course - IX: Company Law',	'1'),
(327,	'III',	'17UCE10',	'Core Course - X: Company Accounts - II',	'1'),
(328,	'III',	'17UCE11',	'Core Course - XI: Banking Law and Practice',	'1'),
(329,	'III',	'17UCE12',	'Core Course - XII: Goods and Services Tax',	'1'),
(330,	'IV',	'17UCEN2',	'Non Major Elective Course - II: Principles of Accounting',	'1'),
(331,	'IV',	'17UCES2',	'Skill Based Elective Course - II: Office Management',	'1'),
(332,	'III',	'17UCE13',	'Core Course - XIII: Cost Accounting',	'1'),
(333,	'III',	'17UCE14',	'Core Course - XIV: Principles of Marketing',	'1'),
(334,	'III',	'17UCE15',	'Core Course - XV: Income Tax Law and Practice - I',	'1'),
(335,	'III',	'17UCE16',	'Core Course - XVI: Auditing',	'1'),
(336,	'III',	'17UCEM1',	'Major Based Elective Course - I: Financial Management',	'1'),
(337,	'IV',	'17UCES3',	'Skill Based Elective Course - III: Customer Relationship Management',	'1'),
(338,	'IV',	'17UCES4',	'Skill Based Elective Course - IV: Computer Application in Business',	'1'),
(339,	'III',	'17UCE17',	'Core Course - XVII: Management Accounting',	'1'),
(340,	'III',	'17UCE18',	'Core Course - XVIII: Income Tax Law and Practice - II',	'1'),
(341,	'III',	'17UCEM2',	'Major Based Elective Course - II: E - Commerce',	'1'),
(342,	'III',	'17UCEM3',	'Major Based Elective Course - III: Financial Services',	'1'),
(343,	'IV',	'17UCES5',	'Skill Based Elective Course - V: Industrial Law',	'1'),
(344,	'IV',	'17UCES6',	'Skill Based Elective Course - VI: Human Resource Management',	'1'),
(345,	'I',	'17FTL01',	'Tamil Language Course - I',	'1'),
(347,	'III',	'17ABC01',	'Allied Course - I: Computer Application in Corporate Office',	'1'),
(348,	'III',	'17UBC01',	'Core Course - I: Financial Accounting - I',	'1'),
(349,	'III',	'17UBC02',	'Core Course - II: Business Communication',	'1'),
(351,	'I',	'17FTL02',	'Tamil Language Course - II',	'1'),
(352,	'II',	'17FEL02',	'English Language Course - II',	'1'),
(353,	'III',	'17ABC02',	'Allied Course - II: Fundamentals of Computer and Tally',	'1'),
(354,	'III',	'17UBC03',	'Core Course - III: Financial Accounting - II',	'1'),
(355,	'IV',	'17UENST',	'Common Course - II: Environmental Studies',	'1'),
(357,	'III',	'17UBC04',	'Core Course - IV: Business Law',	'1'),
(358,	'III',	'17UBC05',	'Core Course - V: Company Accounts - I',	'1'),
(359,	'III',	'17UBC06',	'Core Course - VI: DBMS (Database Management System)',	'1'),
(360,	'III',	'17UBC07',	'Core Course - VII: Entrepreneurship Development',	'1'),
(361,	'IV',	'17UBCN1',	'Non Major Elective Course - I: Principles of Commerce',	'1'),
(362,	'IV',	'17UBCS1',	'Skill Based Elective Course - I: Principles of Insurance',	'1'),
(364,	'III',	'17UBC08',	'Core Course - VIII: Company Law',	'1'),
(365,	'III',	'17UBC09',	'Core Course - IX: Company Accounts - II',	'1'),
(366,	'III',	'17UBC10',	'Core Course - X: Banking Theory Law and Practice',	'1'),
(367,	'IV',	'17UBCN2',	'Non Major Elective Course - II: Principles of Accounting',	'1'),
(368,	'IV',	'17UBCS2',	'Skill Based Elective Course - II: Office Management',	'1'),
(369,	'III',	'17UBC11',	'Core Course - XI: Cost Accounting',	'1'),
(370,	'III',	'17UBC12',	'Core Course - XII: Visual Basic (Theory)',	'1'),
(371,	'III',	'17UBC13',	'Core Course - XIII: Income Tax - Law and Practice - I',	'1'),
(372,	'III',	'17UBC14',	'Core Course -XIV: Auditing',	'1'),
(373,	'III',	'17UBCM1',	'Major Based Elective Course - I: Financial Management',	'1'),
(374,	'IV',	'17UBCS3',	'Skill Based Elective Course - III: Goods and Services Tax',	'1'),
(375,	'IV',	'17UBCS4',	'Skill Based Elective Course - IV: Principles of Marketing',	'1'),
(376,	'III',	'17UBC15',	'Core Course - XV: Management Accounting',	'1'),
(377,	'III',	'17UBC16',	'Core Course - XVI: Income Tax - Law and Practice - II',	'1'),
(378,	'III',	'17UBCM2',	'Major Based Elective Course - II: E-Commerce',	'1'),
(379,	'III',	'17UBCM3',	'Major Based Elective Course - III : Business Management',	'1'),
(380,	'III',	'17UBCS5',	'Skill Based Elective Course - V: Industrial Law',	'1'),
(381,	'IV',	'17UBCS6',	'Skill Based Elective Course - VI: Human Resource Management',	'1'),
(384,	'III',	'17AEC01',	'Allied Course - I: Business Economics',	'1'),
(385,	'III',	'17UCN01',	'Core Course - I: Theory of Co-operation',	'1'),
(386,	'III',	'17UCN02',	'Core Course - II: Principles of Accounting',	'1'),
(390,	'III',	'17AEC02',	'Allied Course - II: Indian Economy',	'1'),
(391,	'III',	'17UCN03',	'Core Course - III: Cooperative Development In India and Abroad',	'1'),
(392,	'III',	'17UCN04',	'Core Course - IV: Business Organisation',	'1'),
(394,	'III',	'17ASTC1',	'Allied Statistics Course - I: Business Statistics - I',	'1'),
(395,	'III',	'17UCN05',	'Core Course-V: Production, Trade and Service Cooperatives',	'1'),
(396,	'III',	'17UCN06',	'Core Course - VI: Principles of Management',	'1'),
(397,	'III',	'17UCN07',	'Core Course - VII: Cooperative Credit and Banking',	'1'),
(398,	'III',	'17UCN08',	'Core Course - VIII: Principles of Marketing',	'1'),
(399,	'IV',	'17UCNN1',	'Non Major Elective Course - I: Dynamics of Cooperation',	'1'),
(400,	'IV',	'17UCNS1',	'Skill Based Elective Course - I: Computer Applications in Business',	'1'),
(401,	'III',	'17ASTC2',	'Allied Statistics Course - II: Business Statistics - II',	'1'),
(402,	'III',	'17UCN09',	'Core Course - IX: Office Management',	'1'),
(403,	'III',	'17UCN10',	'Core Course - X: Cost Accounting',	'1'),
(404,	'III',	'17UCN11',	'Core Course - XI: Co-operative Law',	'1'),
(405,	'IV',	'17UCNN2',	'Non Major Elective Course - II: Business Correspondence',	'1'),
(406,	'IV',	'17UCNS2',	'Skill Based Elective Course - II: Computerised Accounting & GST',	'1'),
(407,	'III',	'17UCN12',	'Core Course - XII: Income Tax Law and Practice',	'1'),
(408,	'III',	'17UCN13',	'Core Course - XIII: Cooperative Management and Administration',	'1'),
(409,	'III',	'17UCN14',	'Core Course - XIV: Management Accounting',	'1'),
(410,	'III',	'17UCNM1',	'Major Based Elective Course - I: Human Resource Management',	'1'),
(411,	'IV',	'17UCNS3',	'Skill Based Elective Course - III: Business Communication',	'1'),
(412,	'IV',	'17UCNS4',	'Skill Based Elective Course - IV: Research Methods',	'1'),
(413,	'III',	'17UCN15',	'Core Course - XV: Accounting System for Cooperatives',	'1'),
(414,	'III',	'17UCN16',	'Core Course - XVI: General and Cooperative Audit',	'1'),
(415,	'III',	'17UCN17',	'Core Course - XVII: Commercial Law',	'1'),
(416,	'III',	'17UCNM2',	'Major Based Elective Course - II: Life and General Insurance',	'1'),
(417,	'III',	'17UCNM3',	'Major Based Elective Course - III: Fundamentals of Financial Management',	'1'),
(418,	'IV',	'17UCNS5',	'Skill Based Elective Course - V: Entrepreneurship Development',	'1'),
(419,	'IV',	'17UCNS6',	'Skill Based Elective Course - VI: Service Marketing',	'1'),
(424,	'III',	'17UGL01',	'Core Course - I: Physical Geology',	'1'),
(431,	'III',	'17UGL02',	'Core course – II :Geomorphology and Structural Geology',	'1'),
(436,	'III',	'17UGL03',	'Core Course - III: Paleontology and Crystallography - I',	'1'),
(437,	'IV',	'17UGLN1',	'Non Major Elective Course - I: Natural Disaster Management',	'1'),
(438,	'IV',	'17UGLS1',	'Skill Based Elective Course - I: Fuel Geology',	'1'),
(442,	'III',	'17UGL04',	'Core Course - IV: Paleontology, Crystallography - II and Optical Mineralogy',	'1'),
(443,	'IV',	'17UGLN2',	'Non Major Elective Course - II: Natural Resource Management',	'1'),
(444,	'IV',	'17UGLS2',	'Skill Based Elective Course - II: Engineering Geology',	'1'),
(445,	'III',	'17UGL05',	'Core Course - V: Mineralogy',	'1'),
(446,	'III',	'17UGL06',	'Core Course - VI: Stratigraphy and Indian Geology',	'1'),
(447,	'III',	'17UGL07',	'Core Course - VII: Igneous and Metamorphic Petrology',	'1'),
(448,	'III',	'17UGLM1',	'Major Based Elective Course - I: Exploration Geology',	'1'),
(449,	'IV',	'17UGLS3',	'Skill Based Elective Course - III: Remote Sensing',	'1'),
(450,	'IV',	'17UGLS4',	'Skill Based Elective Course - IV: Field Geology',	'1'),
(451,	'III',	'17UGL08',	'Core Course - VIII: Sedimentary Petrology and Environmental Geology',	'1'),
(452,	'III',	'17UGL09',	'Core Course - IX: Economic Geology',	'1'),
(453,	'III',	'17UGL10',	'Core Course - X: Mining Geology and Ore Dressing',	'1'),
(454,	'III',	'17UGLM2',	'Major Based Elective Course - II: Hydrogeology',	'1'),
(455,	'III',	'17UGLM3',	'Major Based Elective Course - III: Geological Meteoritics, Computer Applications in Geology and Geostatistics',	'1'),
(456,	'IV',	'17UGLS5',	'Skill Based Elective Course - V: Gemmology',	'1'),
(460,	'III',	'17UBY01',	'Core Course - I: Algae and Bryophytes',	'1'),
(464,	'III',	'17AZL02',	'Allied Zoology Course - II:',	'1'),
(465,	'III',	'17UBY02',	'Core Course –II: Fungi, Bacteria, Viruses and Lichens',	'1'),
(470,	'III',	'17UBY03',	'Core Course - III: Anatomy and Embryology of Angiosperms',	'1'),
(471,	'IV',	'17UBYN1',	'Non Major Elective Course - I: Mushroom Cultivation',	'1'),
(472,	'IV',	'17UBYS1',	'Skill Based Elective Course - I: Mushroom Culture Technology',	'1'),
(475,	'III',	'17ACH02',	'Allied Course - II : Inorganic, Organic and Physical Chemistry - II',	'1'),
(476,	'III',	'17UBY04',	'Core Course - IV: Pteridophytes, Gymnosperms and PalaeoBotany',	'1'),
(477,	'IV',	'17UBYN2',	'Non Major Elective Course - II: Organic Farming',	'1'),
(478,	'IV',	'17UBYS2',	'Skill Based Elective Course - II: Microtechniques',	'1'),
(479,	'III',	'17UBY05',	'Core Course - V: Morphology and Taxonomy',	'1'),
(480,	'III',	'17UBY06',	'Core Course - VI: Biochemistry and Biophysics',	'1'),
(481,	'III',	'17UBY07',	'Core Course - VII: Plant Ecology and Phytogeography',	'1'),
(482,	'III',	'17UBYM1',	'Major Based Elective Course - I: Biotechnology',	'1'),
(483,	'IV',	'17UBYS3',	'Skill Based Elective Course - III: Horticulture',	'1'),
(484,	'IV',	'17UBYS4',	'Skill Based Elective Course - IV: Seed Technology',	'1'),
(485,	'III',	'17UBY08',	'Core Course - VIII: Plant Physiology',	'1'),
(486,	'III',	'17UBY09',	'Core Course - IX: Cytology and Genetics',	'1'),
(487,	'III',	'17UBYM2',	'Major Based Elective Course - II: Agricultural Microbiology',	'1'),
(488,	'III',	'17UBYM3',	'Major Based Elective Course - III: Medicinal Botany',	'1'),
(489,	'IV',	'17UBYS5',	'Skill Based Elective Course - V: Biofertilizers',	'1'),
(490,	'IV',	'17UBYS6',	'Skill Based Elective Course - VI: Plant Protection',	'1'),
(495,	'III',	'17AZL01',	'Allied Zoology Course - I : Invertebrate and Chordate Zoology',	'1'),
(496,	'III',	'17UCH01',	'Core Course – I: Organic, Inorganic and Physical Chemistry – I',	'1'),
(503,	'III',	'17AZL02',	'Allied Zoology Course -II',	'1'),
(504,	'III',	'17UCH02',	'Core Course –II: Organic, Inorganic & Physical Chemistry – II',	'1'),
(509,	'III',	'17UCH03',	'Core Course – III: Organic, Inorganic & Physical Chemistry - III',	'1'),
(510,	'IV',	'17UCHN1',	'Non Major Elective Course – I: Chemistry in Daily Life - I',	'1'),
(511,	'IV',	'17UCHS1',	'Skill Based Elective Course - I: Industrial Chemistry',	'1'),
(515,	'III',	'17UCH04',	'Core Course - IV: Organic, Inorganic & Physical Chemistry - IV',	'1'),
(516,	'IV',	'17UCHN2',	'Non Major Elective Course - II: Chemistry In Daily Life - II',	'1'),
(517,	'IV',	'17UCHS2',	'Skill Based Elective Course - II: Textile and Dye Chemistry',	'1'),
(518,	'III',	'17UCH05',	'Core Course - V: Inorganic Chemistry - I',	'1'),
(519,	'III',	'17UCH06',	'Core Course - VI: Organic Chemistry - I',	'1'),
(520,	'III',	'17UCH07',	'Core Course - VII: Physical Chemistry - I',	'1'),
(521,	'III',	'17UCHM1',	'Major Based Elective Course - I: Spectroscopy',	'1'),
(522,	'IV',	'17UCHS3',	'Skill Based Elective Course - III: Pharmaceutical Chemistry',	'1'),
(523,	'IV',	'17UCHS4',	'Skill Based Elective Course - IV: Agricultural Chemistry',	'1'),
(524,	'III',	'17UCH08',	'Core Course - VIII: Inorganic Chemistry - II',	'1'),
(525,	'III',	'17UCH09',	'Core Course - IX: Organic Chemistry - II',	'1'),
(526,	'III',	'17UCH10',	'Core Course - X: Physical Chemistry - II',	'1'),
(527,	'III',	'17UCHM2',	'Major Based Elective Course - II: Analytical Chemistry',	'1'),
(528,	'IV',	'17UCHS5',	'Skill Based Elective Course - V: Food Chemistry',	'1'),
(529,	'IV',	'17UCHS6',	'Skill Based Elective Course - VI: Polymer Chemistry',	'1'),
(533,	'III',	'17UCS01',	'Core Course - I: Principles of Digital Computer',	'1'),
(537,	'III',	'17AMT02',	'Allied Mathematics Course - II : Differential Equations and Laplace Transforms',	'1'),
(539,	'III',	'17UCS02',	'Core Course – II: Programming in C',	'1'),
(544,	'III',	'17UCS03',	'Core Course - III: Data Structures',	'1'),
(545,	'IV',	'17UCSN1',	'Non Major Elective Course - I: Web Design: Basics',	'1'),
(549,	'III',	'17UCS04',	'Core Course - IV: Relational Database Management Systems',	'1'),
(550,	'IV',	'17UCSN2',	'Non Major Elective Course - II : Web Design : Advanced',	'1'),
(551,	'III',	'17UCS05',	'Core Course - V: Visual Basic Programming',	'1'),
(552,	'III',	'17UCS06',	'Core Course - VI: Web Programming',	'1'),
(553,	'III',	'17UCS07',	'Core Course - VII: Programming in Python',	'1'),
(554,	'III',	'17UCSM1',	'Major Based Elective Course - I: Operating Systems',	'1'),
(555,	'III',	'17UCS08',	'Core Course - VIII: Data Communication and Networking',	'1'),
(556,	'III',	'17UCS09',	'Core Course - IX: Programming in Java',	'1'),
(557,	'III',	'17UCSM2',	'Major Based Elective Course - II: Multimedia and its applications',	'1'),
(558,	'III',	'17UCSM3',	'Major Based Elective Course - III: Software Engineering',	'1'),
(561,	'III',	'17ASTG1',	'Allied Statistics Course-I: Applied Statistics - I',	'1'),
(562,	'III',	'17UGY01',	'Core Course – I: Physical Geography of India',	'1'),
(566,	'III',	'17ASTG2',	'Allied Statistics Course - II: Applied Statistics-II',	'1'),
(567,	'III',	'17UGY02',	'Core Course – II: Economic Geography of India',	'1'),
(571,	'III',	'17AGL01',	'Allied Geology Course - I:',	'1'),
(572,	'III',	'17UGY03',	'Core Course - III: Geomorphology',	'1'),
(573,	'IV',	'17UGYN1',	'Non Major Elective Course - I: Geography for Competitive Examination - I',	'1'),
(574,	'IV',	'17UGYS1',	'Skill Based Elective Course - I: Geography for Competitive Examinations - I',	'1'),
(577,	'III',	'17AGL02',	'Allied Geology Course - II:',	'1'),
(578,	'III',	'17UGY04',	'Core Course - IV: Climatology',	'1'),
(579,	'IV',	'17UGYN2',	'Non Major Elective Course - II: Geography for Competitive Examination - II',	'1'),
(580,	'IV',	'17UGYS2',	'Skill Based Elective Course - II: Geography for Competitive Examinations - II',	'1'),
(581,	'III',	'17UGY05',	'Core Course - V: Oceanography',	'1'),
(582,	'III',	'17UGY06',	'Core Course - VI: Human Geography',	'1'),
(583,	'III',	'17UGY07',	'Core Course - VII: Historical Geography',	'1'),
(584,	'III',	'17UGYM1',	'Major Based Elective Course - I: Geography of Asia',	'1'),
(585,	'IV',	'17UGYS3',	'Skill Based Elective Course - III: Tamil Nadu Rivers - Environmental',	'1'),
(586,	'IV',	'17UGYS4',	'Skill Based Elective Course - IV: Green Revolution',	'1'),
(587,	'III',	'17UGY08',	'Core Course - VIII: Population Geography',	'1'),
(588,	'III',	'17UGY09',	'Core Course - IX: Cartography',	'1'),
(589,	'III',	'17UGYM2',	'Major Based Elective Course - II: Natural Regions of the World',	'1'),
(590,	'III',	'17UGYM3',	'Major Based Elective Course - III: Remote Sensing',	'1'),
(591,	'IV',	'17UGYS5',	'Skill Based Elective Course - V: Map Readings in Geography',	'1'),
(592,	'IV',	'17UGYS6',	'Skill Based Elective Course - VI: Climate Change and Global Warming',	'1'),
(595,	'III',	'17APY01',	'Allied Physics Course - I',	'1'),
(596,	'III',	'17UMT01',	'Core Course - I: Algebra and Trigonometry',	'1'),
(600,	'III',	'17APY02',	'Allied physics course - II',	'1'),
(601,	'III',	'17UMT02',	'Core Course - II : Differential Calculus',	'1'),
(602,	'III',	'17UMT03',	'Core Course - III: Integral and Vector Calculus',	'1'),
(606,	'III',	'17ASTM1',	'Allied Statistics Course - I: Mathematical Statistics - I',	'1'),
(607,	'III',	'17UMT04',	'Core Course – IV: Differential Equations',	'1'),
(608,	'IV',	'17UMTN1',	'Non Major Elective Course - I: Quantitative Aptitude',	'1'),
(609,	'IV',	'17UMTS1',	'Skill Based Elective Course – I: Basic Algebra',	'1'),
(612,	'III',	'17ASTM2',	'Allied Statistics Course - II: Mathematical Statistics - II',	'1'),
(613,	'III',	'17UMT05',	'Core Course - V : Integral Transforms',	'1'),
(614,	'III',	'17UMT06',	'Core Course - VI : Mechanics',	'1'),
(615,	'IV',	'17UMTN2',	'Non Major Elective Course - II: Matrix Algebra',	'1'),
(616,	'IV',	'17UMTS2',	'Skill Based Elective Course - II: Sequences and Series',	'1'),
(617,	'III',	'17UMT07',	'Core Course - VII: Modern Algebra - I',	'1'),
(618,	'III',	'17UMT08',	'Core Course - VIII: Real Analysis - I',	'1'),
(619,	'III',	'17UMT09',	'Core Course - IX: Complex Analysis - I',	'1'),
(620,	'III',	'17UMTM1',	'Major Based Elective Course- I: Graph Theory',	'1'),
(621,	'III',	'17UMTM2',	'Major Based Elective Course - II: Discrete Mathematics',	'1'),
(622,	'IV',	'17UMTS3',	'Skill Based Elective Course - III: Quantitative Aptitude - I',	'1'),
(623,	'IV',	'17UMTS4',	'Skill Based Elective Course - IV: Quantitative Aptitude - II',	'1'),
(624,	'III',	'17UMT10',	'Core Course - X: Modern Algebra - II',	'1'),
(625,	'III',	'17UMT11',	'Core Course - XI: Real Analysis - II',	'1'),
(626,	'III',	'17UMT12',	'Core Course - XII: Complex Analysis - II',	'1'),
(627,	'III',	'17UMTM3',	'Major Based Elective Course - III: Operations Research',	'1'),
(628,	'III',	'17UMTM4',	'Major Based Elective Course - IV: Numerical Methods',	'1'),
(629,	'IV',	'17UMTS5',	'Skill Based Elective Course - V: Quantitative Aptitude - III',	'1'),
(630,	'IV',	'17UMTS6',	'Skill Based Elective Course - VI: Quantitative Aptitude - IV',	'1'),
(634,	'III',	'17UPY01',	'Core Course - I: Mechanics and Sound',	'1'),
(639,	'III',	'17AMT03',	'Allied Mathematics Course- III: Differentiation and Vector Calculus',	'1'),
(640,	'III',	'17UPY02',	'Core Course - II: Heat,Thermodynamics and statistical physics',	'1'),
(645,	'III',	'17UPY03',	'Core Course - III: Properties of Matter',	'1'),
(646,	'IV',	'17UPYN1',	'Non Major Elective Course – I: Biophysics and Biomedical Instrumentation',	'1'),
(647,	'IV',	'17UPYS1',	'Skill Based Elective Course - I: Astronomy and Astro Physics',	'1'),
(651,	'III',	'17UPY04',	'Core Course - IV: Optics and Fibre Optics',	'1'),
(652,	'IV',	'17UPYN2',	'Non Major Elective Course - II: Maintenance and Repairing of Domestic Appliances',	'1'),
(653,	'IV',	'17UPYS2',	'Skill Based Elective Course - II: Programming in C Language',	'1'),
(654,	'III',	'17UPY05',	'Core Course - V: Electricity and Electromagnetism',	'1'),
(655,	'III',	'17UPY06',	'Core Course - VI: Basic Electronics and Digital Electronics',	'1'),
(656,	'III',	'17UPY07',	'Core Course - VII: Atomic Physics',	'1'),
(657,	'III',	'17UPYM1',	'Major Based Elective Course - I: Numerical Methods',	'1'),
(658,	'IV',	'17UPYS3',	'Skill Based Elective Course - III: Electronic Devices',	'1'),
(659,	'IV',	'17UPYS4',	'Skill Based Elective Course - IV: Fundamentals of Computers',	'1'),
(660,	'III',	'17UPY08',	'Core Course - VIII: Nuclear Physics',	'1'),
(661,	'III',	'17UPY09',	'Core Course - IX: Quantum Mechanics and Relativity',	'1'),
(662,	'III',	'17UPYM2',	'Major Based Elective Course - II: Solid State Physics',	'1'),
(663,	'III',	'17UPYM3',	'Major Based Elective Course - III: Electronics and Communication',	'1'),
(664,	'IV',	'17UPYS5',	'Skill Based Elective Course - V: Electrical Appliances',	'1'),
(665,	'IV',	'17UPYS6',	'Skill Based Elective Course - VI: Microprocessor 8085 and Applications',	'1'),
(668,	'III',	'17AMT01',	'Allied Mathematics Course– I : Algebra, Calculus and Finite Differences',	'1'),
(669,	'III',	'17UST01',	'Core Course - I: Descriptive Statistics',	'1'),
(673,	'III',	'17AMT02',	'Allied Mathematics Course - II : Differential Equations and Laplace',	'1'),
(674,	'III',	'17AMT03',	'Allied Mathematics Course - III : Differentiation and Vector Calculus',	'1'),
(675,	'III',	'17UST02',	'Core Course-II: Probability theory',	'1'),
(679,	'III',	'17ASTS1',	'Allied O.R. Course - I: Linear Programming and its Applications',	'1'),
(680,	'III',	'17UST03',	'Core Course - III: Distribution Theory',	'1'),
(681,	'IV',	'17USTN1',	'Non Major Elective Course - I: Statistics - I',	'1'),
(682,	'IV',	'17USTS1',	'Skill Based Elective Course - I: Basics for Statistics',	'1'),
(685,	'III',	'17ASTS2',	'Allied O.R. Course - II: Decision Theory and its Applications',	'1'),
(686,	'III',	'17UST04',	'Core Course - IV: Sampling Techniques',	'1'),
(687,	'IV',	'17USTN2',	'Non Major Elective Course - II: Statistics - II',	'1'),
(688,	'IV',	'17USTS2',	'Skill Based Elective Course - II: Computational Statistics - I',	'1'),
(689,	'III',	'17UST05',	'Core Course - V: Theory of Estimation',	'1'),
(690,	'III',	'17UST06',	'Core Course - VI: Demography',	'1'),
(691,	'III',	'17UST07',	'Core Course - VII: Statistical Quality Control',	'1'),
(692,	'III',	'17USTM1',	'Major Based Elective Course - I: Stochastic Process',	'1'),
(693,	'IV',	'17USTS3',	'Skill Based Elective Course - III: Regression Analysis',	'1'),
(694,	'IV',	'17USTS4',	'Skill Based Elective Course - IV: Econometrics',	'1'),
(695,	'III',	'17UST08',	'Core Course - VIII: Testing of Hypothesis',	'1'),
(696,	'III',	'17UST09',	'Core Course - IX: Design of Experiments',	'1'),
(697,	'III',	'17UST10',	'Core Course - X: Applied Statistics',	'1'),
(698,	'III',	'17USTM2',	'Major Based Elective Course - II: Actuarial Statistics',	'1'),
(699,	'III',	'17USTM3',	'Major Based Elective Course - III: Numerical Analysis and C - Programming',	'1'),
(700,	'IV',	'17USTS5',	'Skill Based Elective Course -V: Computational Statistics - II',	'1'),
(701,	'IV',	'17USTS6',	'Skill Based Elective Course -VI: MS Excel',	'1'),
(702,	'I',	'17FTL01',	'Tamil Language Course – I',	'1'),
(703,	'II',	'17FEL01',	'English Language Course - I',	'1'),
(704,	'III',	'17ABY01',	'Allied Botany Course – I',	'1'),
(705,	'III',	'17UZL01',	'Core Course – I: Invertebrata',	'1'),
(706,	'IV',	'17UVABE',	'Common Course - I: Value Based Education',	'1'),
(707,	'I',	'17FTL02',	'Tamil Language Course – II',	'1'),
(708,	'II',	'17FEL02',	'English Language Course – II',	'1'),
(709,	'III',	'17ABY02',	'Allied Botany Course – II',	'1'),
(710,	'III',	'17UZL02',	'Core course – II : Chordata',	'1'),
(711,	'IV',	'17UENST',	'Common Course: Environmental Studies',	'1'),
(712,	'I',	'17FTL03',	'Tamil Language Course - III',	'1'),
(713,	'II',	'17FEL03',	'English Language Course - III',	'1'),
(714,	'III',	'17ACH01',	'Allied Course - I: Inorganic, Organic and Physical Chemistry-I',	'1'),
(715,	'III',	'17UZL03',	'Core Course - III: Cell Biology',	'1'),
(716,	'IV',	'17UZLN1',	'Non Major Elective Course - I: Public Health and Hygiene',	'1'),
(717,	'IV',	'17UZLS1',	'Skill Based Elective Course - I: Aquaculture',	'1'),
(718,	'I',	'17FTL04',	'Tamil Language Course - IV',	'1'),
(719,	'II',	'17FEL04',	'English Language Course - IV',	'1'),
(720,	'III',	'17ACH02',	'Allied Course - II: Inorganic, Organic and Physical Chemistry - II',	'1'),
(721,	'III',	'17UZL04',	'Core Course - IV: Genetics',	'1'),
(722,	'IV',	'17UZLN2',	'Non Major Elective Course - II: Nutrition and Dietetics',	'1'),
(723,	'IV',	'17UZLS2',	'Skill Based Elective Course - II: Poultry Science',	'1'),
(724,	'III',	'17UZL05',	'Core Course - V: Animal Physiology',	'1'),
(725,	'III',	'17UZL06',	'Core Course - VI: Developmental Biology',	'1'),
(726,	'III',	'17UZL07',	'Core Course - VII: Microbiology',	'1'),
(727,	'III',	'17UZLM1',	'Major Based Elective Course - I: Medical Laboratory Techniques',	'1'),
(728,	'IV',	'17UZLS3',	'Skill Based Elective Course - III: Biostatistics and Computer Applications',	'1'),
(729,	'IV',	'17UZLS4',	'Skill Based Elective Course - IV: Vermitechnology',	'1'),
(730,	'III',	'17UZL08',	'Core Course - VIII: Environmental Biology',	'1'),
(731,	'III',	'17UZL09',	'Core Course - IX: Evolution',	'1'),
(732,	'III',	'17UZLM2',	'Major Based Elective Course - II: Immunology',	'1'),
(733,	'III',	'17UZLM3',	'Major Based Elective Course - III: Biotechnology',	'1'),
(734,	'IV',	'17UZLS5',	'Skill Based Elective Course - V: Sericulture',	'1'),
(735,	'IV',	'17UZLS6',	'Skill Based Elective Course - VI: Health and Hygiene',	'1'),
(738,	'III',	'21AECE1',	'Allied - I - Course I : Principles of Marketing',	'1'),
(739,	'III',	'21UEC01',	'Core Course I : Micro Economics - I',	'1'),
(740,	'III',	'21UEC02',	'Core Course II : Indian Economy - Problems and Policies',	'1'),
(745,	'III',	'21AECE2',	'Allied - I - Course II : Elements of Export Marketing',	'1'),
(746,	'III',	'21UEC03',	'Core Course III : Micro Economics - II',	'1'),
(747,	'III',	'21UEC04',	'Core Course IV : International Economics',	'1'),
(752,	'III',	'21APL03',	'Allied - II - Course I : Local Governments in India',	'1'),
(753,	'III',	'21UEC05',	'Core Course V : Monetary Economics - I',	'1'),
(754,	'III',	'21UEC06',	'Core Course VI : The Application of Statistical Methods in Economics - I',	'1'),
(755,	'IV',	'21UECN1',	'Non - Major Elective Course I : Economics for Competitive Examination-I',	'1'),
(756,	'IV',	'21UECS1',	'Skill Enhancement Course I : An Introduction to Entrepreneurial Development',	'1'),
(763,	'III',	'21APL04',	'Allied - II - Course II : Indian Political System',	'1'),
(764,	'III',	'21UEC07',	'Core Course VII: Monetary Economics - II',	'1'),
(765,	'III',	'21UEC08',	'Core Course VIII : The Application of Statistical Methods in Economics - II',	'1'),
(770,	'IV',	'21UECN2',	'Non Major Elective Course II : Economics for Competitive Examinations-II',	'1'),
(773,	'III',	'21AEL01',	'Allied Course I : Social History of England',	'1'),
(774,	'III',	'21UEL01',	'Core Course I : British Literature - I',	'1'),
(775,	'III',	'21UEL02',	'Core Course II : Indian Literatures in English',	'1'),
(780,	'III',	'21AEL02',	'Allied Course II : Literary Forms and Terms',	'1'),
(781,	'III',	'21UEL03',	'Core Course III : British Literature - II (From 19th to 20th Century)',	'1'),
(782,	'III',	'21UEL04',	'Core Course IV : American Literature - I',	'1'),
(787,	'III',	'21AEL03',	'Allied Course III : History of English Literature - I',	'1'),
(788,	'III',	'21UEL05',	'Core Course V : American Literature - II',	'1'),
(789,	'III',	'21UEL06',	'Core Course VI : Commonwealth Literature',	'1'),
(790,	'IV',	'21UELN1',	'Non-Major Elective Course I : Academic Skills - I',	'1'),
(791,	'IV',	'21UELS1',	'Skill Enhancement Course I : Presentation Skills',	'1'),
(798,	'III',	'21AEL04',	'Allied Course IV : History of English Literature - II',	'1'),
(799,	'III',	'21UEL07',	'Core Course VII : Indian Literature in English Translation',	'1'),
(800,	'III',	'21UEL08',	'Core Course VIII : World Classics',	'1'),
(805,	'IV',	'21UELN2',	'Non-Major Elective Course - II: Academic Skills - II',	'1'),
(808,	'III',	'21AHT01',	'Allied Course I : Tourism - Principles and Practices',	'1'),
(809,	'III',	'21UHT01',	'Core Course I : History of Ancient Tamilagam',	'1'),
(810,	'III',	'21UHT02',	'Core Course II: History of Ancient India upto 300 C.E.',	'1'),
(815,	'III',	'21AHT02',	'Allied Course II : Marketing in Tourism and Travel Management',	'1'),
(816,	'III',	'21UHT03',	'Core Course III : History of Tamil Nadu From 1336 C.E. To 1947 C.E.',	'1'),
(817,	'III',	'21UHT04',	'Core Course IV : History of Ancient India From 300 C.E. To 1206 C.E.',	'1'),
(822,	'III',	'21APL01',	'Allied - I - Course I : Indian Government and Politics',	'1'),
(823,	'III',	'21UHT05',	'Core Course V : History of Contemporary Tamil Nadu From 1947 CE to 2016 CE',	'1'),
(824,	'III',	'21UHT06',	'Core Course VI : History of Medeival India From 1206 C.E. To 1707 C.E.',	'1'),
(825,	'IV',	'21UHTN1',	'Non-Major Elective Course I : Cultural Heritage of India',	'1'),
(826,	'IV',	'21UHTS1',	'Skill Enhancement Course I : Defence Studies',	'1'),
(833,	'III',	'21APL02',	'Allied - II - Course II : Modern Governments',	'1'),
(834,	'III',	'21UHT07',	'Core Course VII : History of Modern India From 1707 C.E.To1885 C.E.',	'1'),
(835,	'III',	'21UHT08',	'Core Course VIII : Rise of Modern Asia',	'1'),
(840,	'IV',	'21UHTN2',	'Non-Major Elective Course - II :India’s March Towards Freedom',	'1'),
(844,	'III',	'21UPS01',	'Core Course I : Political Theory',	'1'),
(845,	'III',	'21UPS02',	'Core Course II : Organs of Government and Political Process',	'1'),
(851,	'III',	'21UPS03',	'Core Course III : Western Political Thought - I',	'1'),
(852,	'III',	'21UPS04',	'Core Course IV : Comparative Governments',	'1'),
(858,	'III',	'21UPS05',	'Core Course V : Western Political Thought - II',	'1'),
(859,	'III',	'21UPS06',	'Core Course VI : Indian Administration',	'1'),
(860,	'IV',	'21UPSN1',	'Non-Major Elective Course I : Indian Constitution',	'1'),
(861,	'IV',	'21UPSS1',	'Skill Enhancement Course I : Political Ideologies',	'1'),
(869,	'III',	'21UPS07',	'Core Course VII : Government and Politics of Tamil Nadu',	'1'),
(870,	'III',	'21UPS08',	'Core Course VIII : Indian Political Thought',	'1'),
(875,	'IV',	'21UPSN2',	'Non-Major Elective Course II : Asian Political Thought',	'1'),
(879,	'III',	'21UPA01',	'Core Course I : Introduction to Public Administration',	'1'),
(880,	'III',	'21UPA02',	'Core Course II : Administrative Thinkers',	'1'),
(886,	'III',	'21UPA03',	'Core Course III : Comparative Public Administration',	'1'),
(887,	'III',	'21UPA04',	'Core Course IV : Indian Administration',	'1'),
(892,	'III',	'21AHTA1',	'Allied Course I : History - I',	'1'),
(893,	'III',	'21UPA05',	'Core Course V : Public Personnel Administration',	'1'),
(894,	'III',	'21UPA06',	'Core Course VI : Human Resource Management',	'1'),
(895,	'IV',	'21UPAN1',	'Non-Major Elective Course I : NGO Management',	'1'),
(896,	'IV',	'21UPAS1',	'Skill Enhancement Course I : Political Ideology',	'1'),
(903,	'III',	'21AHTA2',	'Allied Course II : History - II',	'1'),
(904,	'III',	'21UPA07',	'Core Course VII : Public Policy Analysis',	'1'),
(905,	'III',	'21UPA08',	'Core Course VIII : Financial Administration',	'1'),
(910,	'IV',	'21UPAN2',	'Non-Major Elective Course II : Asian Political Systems',	'1'),
(913,	'III',	'21ATL01',	'Allied Course I : Tamizhar Varalarum Panpadum - I',	'1'),
(914,	'III',	'21UTL01',	'Core Course I : Ilakkanam - I Nannool-Ezhuththathigaram',	'1'),
(915,	'III',	'21UTL02',	'Core Course II : Ikkala Ilakkiyam - I Kavithaiyum Punaikathaiyum',	'1'),
(919,	'III',	'21ATL02',	'Allied Course II : Tamizhar Varalarum Panpadum - II',	'1'),
(920,	'III',	'21UTL03',	'Core Course III : Ilakkanam - II Nannool - Chollathigaram',	'1'),
(921,	'III',	'21UTL04',	'Core Course IV : Ikkala Ilakkiyam - II Urainadaiyum Nadagamum',	'1'),
(925,	'III',	'21ATL03',	'Allied Course III : Tamil Ilakkana varalaru',	'1'),
(926,	'III',	'21UTL05',	'Core Course V : Ilakkanam - III Yapparungalakkarigai',	'1'),
(927,	'III',	'21UTL06',	'Core Course VI : Sitrilakkiyangal',	'1'),
(928,	'IV',	'21UTLN1',	'Non-Major Elective Course I : Nadaimurai Tamil Ilakkiam -I',	'1'),
(929,	'IV',	'21UTLS1',	'Skill Enhancement Course I : Sidtha Muligai Maruththuvam',	'1'),
(936,	'III',	'21ATL04',	'Allied Course IV : Ilakkia Iyakkangal',	'1'),
(937,	'III',	'21UTL07',	'Core Course VII : Thandialangaram',	'1'),
(938,	'III',	'21UTL08',	'Core Course VIII : Pakthi Ilakkiam',	'1'),
(943,	'IV',	'21UTLN2',	'Non-Major Elective Course - II : Nadaimurai Tamil Ilakkiam -II',	'1'),
(947,	'III',	'21UBN01',	'Core Course I : Principles of Management',	'1'),
(948,	'III',	'21UBN02',	'Core Course II : Business Communication',	'1'),
(954,	'III',	'21UBN03',	'Core Course III : Financial Accounting',	'1'),
(955,	'III',	'21UBN04',	'Core Course IV : Organisational Behaviour',	'1'),
(959,	'III',	'21UBN05',	'Core Course V : Financial Management',	'1'),
(960,	'III',	'21UBN06',	'Core Course VI : Marketing Management',	'1'),
(961,	'III',	'21UBN07',	'Core Course VII : Human Resource Management',	'1'),
(962,	'III',	'21UBN08',	'Core Course VIII : Production Management',	'1'),
(963,	'IV',	'21UBNN1',	'Non - Major Elective Course I: Fundamentals of Management',	'1'),
(964,	'IV',	'21UBNS1',	'Skill Enhancement Course I : Company Law',	'1'),
(970,	'III',	'21UBN09',	'Core Course IX : Cost Accounting',	'1'),
(971,	'III',	'21UBN10',	'Core Course X : Entrepreneurial Development',	'1'),
(972,	'III',	'21UBN11',	'Core Course XI : Business Law',	'1'),
(973,	'III',	'21UBN12',	'Core Course XII : Services Marketing',	'1'),
(978,	'IV',	'21UBNN2',	'Non - Major Elective Course II: Basics of Human Resource Management',	'1'),
(982,	'III',	'21UCA01',	'Core Course I : Foundations of Computer Applications',	'1'),
(988,	'III',	'21UCA02',	'Core Course II : Programming in C',	'1'),
(992,	'III',	'21UCA03',	'Core Course III : Data and File Structures',	'1'),
(993,	'III',	'21UCA04',	'Core Course IV : Computer Architecture',	'1'),
(994,	'III',	'21UCA05',	'Core Course V : Object Oriented Programming using C++',	'1'),
(995,	'IV',	'21UCAN1',	'Non-Major Elective Course I : Principles of Internet',	'1'),
(1001,	'III',	'21UCA06',	'Core Course VI : VB.NET Programming',	'1'),
(1002,	'III',	'21UCA07',	'Core Course VII : Software Engineering',	'1'),
(1003,	'III',	'21UCA08',	'Core Course VIII : Relational Database Management Systems',	'1'),
(1008,	'IV',	'21UCAN2',	'Non-Major Elective Course II : Internet of Things(IoT)',	'1'),
(1012,	'III',	'21UCE01',	'Core Course I : Financial Accounting - I',	'1'),
(1013,	'III',	'21UCE02',	'Core Course II : Business Communication',	'1'),
(1019,	'III',	'21UCE03',	'Core Course III : Financial Accounting - II',	'1'),
(1020,	'III',	'21UCE04',	'Core Course IV : Principles of Management',	'1'),
(1024,	'III',	'21UCE05',	'Core Course V : Company Accounts - I',	'1'),
(1025,	'III',	'21UCE06',	'Core Course VI : Business Law',	'1'),
(1026,	'III',	'21UCE07',	'Core Course VII : Business Models',	'1'),
(1027,	'III',	'21UCE08',	'Core Course VIII : Banking and Financial Institutions',	'1'),
(1028,	'IV',	'21UCEN1',	'Non-Major Elective Course I : Principles of Commerce',	'1'),
(1029,	'IV',	'21UCES1',	'Skill Enhancement Course I : Industrial Relations',	'1'),
(1035,	'III',	'21UCE09',	'Core Course IX : Company Accounts - II',	'1'),
(1036,	'III',	'21UCE10',	'Core Course X : Company Law',	'1'),
(1037,	'III',	'21UCE11',	'Core Course XI : Stock Exchange and Business Practices',	'1'),
(1038,	'III',	'21UCE12',	'Core Course XII : Goods and Services Tax',	'1'),
(1043,	'IV',	'21UCEN2',	'Non-Major Elective Course - II : Principles of Marketing',	'1'),
(1046,	'III',	'21AEC01',	'Allied Course I : Business Economics',	'1'),
(1047,	'III',	'21UCN01',	'Core Course I : Theory of Cooperation',	'1'),
(1048,	'III',	'21UCN02',	'Core Course II : Business Organisation',	'1'),
(1053,	'III',	'21AEC02',	'Allied Course II : Indian Economy',	'1'),
(1054,	'III',	'21UCN03',	'Core Course III : Cooperative Development in India',	'1'),
(1055,	'III',	'21UCN04',	'Core Course IV : Principles of Accounting',	'1'),
(1059,	'III',	'21UCN05',	'Core Course V : Cooperative Credit and Banking',	'1'),
(1060,	'III',	'21UCN06',	'Core Course VI : Principles of Management',	'1'),
(1061,	'III',	'21UCN07',	'Core Course VII : Cooperation in Abroad',	'1'),
(1062,	'III',	'21UCN08',	'Core Course VIII : Principles of Marketing',	'1'),
(1063,	'IV',	'21UCNN1',	'Non-Major Elective Course I : Dynamics of Cooperation',	'1'),
(1064,	'IV',	'21UCNS1',	'Skill Enhancement Course I : MIS & Computer Applications',	'1'),
(1070,	'III',	'21UCN09',	'Core Course IX : Office Management',	'1'),
(1071,	'III',	'21UCN10',	'Core Course X : Cost Accounting',	'1'),
(1072,	'III',	'21UCN11',	'Core Course XI : Production, Trade and Service Cooperatives',	'1'),
(1077,	'IV',	'21UCNN2',	'Non-Major Elective Course - II : Business Correspondence',	'1'),
(1078,	'I',	'21FTLB1',	'Foundation Tamil - I',	'1'),
(1080,	'III',	'21ABC01',	'Allied - I - Course I : Business Application Software',	'1'),
(1081,	'III',	'21UBC01',	'Core Course I : Financial Accounting - I',	'1'),
(1082,	'III',	'21UBC02',	'Core Course II : Business Communication',	'1'),
(1085,	'I',	'21FTLB2',	'Foundation Tamil - II',	'1'),
(1087,	'III',	'21ABC02',	'Allied - I - Course II : Database Management System',	'1'),
(1088,	'III',	'21UBC03',	'Core Course III : Financial Accounting - II',	'1'),
(1089,	'IV',	'21AECC2',	'Ability Enhancement Compulsory Course - II : Environmental Studies',	'1'),
(1091,	'III',	'21ASTC1',	'Allied - II - Course I : Business Statistics - I',	'1'),
(1092,	'III',	'21UBC04',	'Core Course IV : Company Accounts - I',	'1'),
(1093,	'III',	'21UBC05',	'Core Course V : Business Law',	'1'),
(1094,	'III',	'21UBC06',	'Core Course VI : Business Models',	'1'),
(1095,	'III',	'21UBC07',	'Core Course VII : Fundamentals of Computer and Tally',	'1'),
(1096,	'IV',	'21UBCN1',	'Non-Major Elective Course I : Principles of Commerce',	'1'),
(1097,	'IV',	'21UBCS1',	'Skill Enhancement Course I : Industrial Relations',	'1'),
(1102,	'III',	'21ASTC2',	'Allied - II - Course II : Business Statistics - II',	'1'),
(1103,	'III',	'21UBC08',	'Core Course VIII : Company Accounts - II',	'1'),
(1104,	'III',	'21UBC09',	'Core Course IX : Company Law',	'1'),
(1105,	'III',	'21UBC10',	'Core Course X : Stock Exchange and Business Practices',	'1'),
(1110,	'IV',	'21UBCN2',	'Non-Major Elective Course - II : Principles of Marketing',	'1'),
(1115,	'III',	'21UGL01',	'Core Course I : Fundamentals of Geology',	'1'),
(1122,	'III',	'21UGL02',	'Core Course II : Geomorphology and Structural Geology',	'1'),
(1128,	'III',	'21UGL03',	'Core Course III : Paleontology',	'1'),
(1129,	'IV',	'21UGLN1',	'Non - Major Elective Course I : Natural Resource Management',	'1'),
(1130,	'IV',	'21UGLS1',	'Skill Enhancement Course I : Fuel Geology',	'1'),
(1138,	'III',	'21UGL04',	'Core Course IV : Crystallography and Optical Mineralogy',	'1'),
(1143,	'IV',	'21UGLN2',	'Non - Major Elective Course II : Natural Disaster Management',	'1'),
(1147,	'III',	'21UBY01',	'Core Course I : Algae and Bryophytes',	'1'),
(1153,	'III',	'21UBY02',	'Core Course II : Viruses, Bacteria, Fungi and Lichens',	'1'),
(1159,	'III',	'21UBY03',	'Core Course III : Anatomy and Embryology of Angiosperms',	'1'),
(1160,	'IV',	'21UBYN1',	'Non-Major Elective Course I : Mushroom Cultivation',	'1'),
(1161,	'IV',	'21UBYS1',	'Skill Enhancement Course I : Microtechniques',	'1'),
(1169,	'III',	'21UBY04',	'Core Course IV : Pteridophytes, Gymnosperms and Paleobotany',	'1'),
(1173,	'IV',	'21AEEC4',	'Ability Enhancement Elective Course IV : Professional Ethics & Cyber',	'1'),
(1174,	'IV',	'21UBYN2',	'Non-Major Elective Course - II :Organic Farming',	'1'),
(1179,	'III',	'21AZL01',	'Allied - I - Course I : Zoology - I',	'1'),
(1180,	'III',	'21UCH01',	'Core Course I : General Chemistry - I',	'1'),
(1187,	'III',	'21AZL02',	'Allied - I - Course II : Zoology - II',	'1'),
(1188,	'III',	'21UCH02',	'Core Course II : General Chemistry - II',	'1'),
(1194,	'III',	'21UCH03',	'Core Course III : General Chemistry - III',	'1'),
(1195,	'IV',	'21UCHN1',	'Non-Major Elective Course I : Chemistry in Daily Life - I',	'1'),
(1196,	'IV',	'21UCHS1',	'Skill Enhancement Course I : Industrial Chemistry',	'1'),
(1204,	'III',	'21UCH04',	'Core Course IV : General Chemistry - IV',	'1'),
(1209,	'IV',	'21UCHN2',	'Non-Major Elective Course II : Chemistry in Daily Life - II',	'1'),
(1213,	'III',	'21UCS01',	'Core Course I : Computer Fundamentals and Python Programming',	'1'),
(1219,	'III',	'21UCS02',	'Core Course II : Programming in C',	'1'),
(1225,	'III',	'21UCS03',	'Core Course III : Data Structures and Algorithms',	'1'),
(1226,	'IV',	'21UCSN1',	'Non-Major Elective Course I : Web Design: Basics',	'1'),
(1234,	'III',	'21UCS04',	'Core Course IV : Web Technology',	'1'),
(1239,	'IV',	'21UCSN2',	'Non-Major Elective Course - II : Web Design : Advanced',	'1'),
(1242,	'III',	'21ASTG1',	'Allied - I - Course I : Applied Statistics - I',	'1'),
(1243,	'III',	'21UGY01',	'Core Course I : Geomorphology',	'1'),
(1248,	'III',	'21ASTG2',	'Allied - I - Course II : Applied Statistics - II',	'1'),
(1249,	'III',	'21UGY02',	'Core Course II : Climatology',	'1'),
(1254,	'III',	'21AGL01',	'Allied - II - Course I : Geology - I',	'1'),
(1255,	'III',	'21UGY03',	'Core Course III : Oceanography',	'1'),
(1256,	'IV',	'21UGYN1',	'Non-Major Elective Course I : Geography for Competitive Examinations - I',	'1'),
(1257,	'IV',	'21UGYS1',	'Skill Enhancement Course I : Disaster Management',	'1'),
(1264,	'III',	'21AGL02',	'Allied - II - Course II : Geology - II',	'1'),
(1265,	'III',	'21UGY04',	'Core Course IV : Biogeography',	'1'),
(1270,	'IV',	'21UGYN2',	'Non-Major Elective Course - II : Geography for Competitive Examinations - II',	'1'),
(1273,	'III',	'21APY01',	'Allied Course I : Physics - I',	'1'),
(1274,	'III',	'21UMT01',	'Core Course I : Classical Algebra and Trigonometry',	'1'),
(1275,	'III',	'21UMT02',	'Core Course - II : Differential Calculus',	'1'),
(1280,	'III',	'21APY02',	'Allied Course II : Physics - II',	'1'),
(1281,	'III',	'21UMT03',	'Core Course III : Analytical Solid Geometry',	'1'),
(1282,	'III',	'21UMT04',	'Core Course IV: Integral & Vector Calculus',	'1'),
(1287,	'III',	'21ASTM1',	'Allied - II - Course I : Mathematical Statistics - I',	'1'),
(1288,	'III',	'21UMT05',	'Core Course V : Differential Equations',	'1'),
(1289,	'III',	'21UMT06',	'Core Course VI : Statics',	'1'),
(1290,	'IV',	'21UMTN1',	'Non-Major Elective Course I : Basic Mathematics',	'1'),
(1291,	'IV',	'21UMTS1',	'Skill Enhancement Course I : Basic Algebra',	'1'),
(1298,	'III',	'21ASTM2',	'Allied - II - Course II : Mathematical Statistics - II',	'1'),
(1299,	'III',	'21UMT07',	'Core Course VII : Integral transforms and Fourier Series',	'1'),
(1300,	'III',	'21UMT08',	'Core Course VIII : Dynamics',	'1'),
(1305,	'IV',	'21UMTN2',	'Non-Major Elective Course - II : (From other Departments)',	'1'),
(1309,	'III',	'21UPY01',	'Core Course I : Mechanics and Sound',	'1'),
(1315,	'III',	'21UPY02',	'Core Course II : Heat and Thermodynamics',	'1'),
(1321,	'III',	'21UPY03',	'Core Course III : Properties of Matter',	'1'),
(1322,	'IV',	'21UPYN1',	'Non-Major Elective Course I : Maintenance and repairing of Domestic',	'1'),
(1323,	'IV',	'21UPYS1',	'Skill Enhancement Course I : Python Programming',	'1'),
(1331,	'III',	'21UPY04',	'Core Course IV : Optics and spectroscopy',	'1'),
(1336,	'IV',	'21UPYN2',	'Non-Major Elective Course II : Biomedical instrumentation',	'1'),
(1339,	'III',	'21AMT01',	'Allied - I - Course I : Mathematics - I',	'1'),
(1340,	'III',	'21UST01',	'Core Course I : Descriptive Statistics',	'1'),
(1345,	'III',	'21AMT02',	'Allied - I - Course II : Mathematics - II',	'1'),
(1346,	'III',	'21UST02',	'Core Course II : Probability theory',	'1'),
(1351,	'III',	'21ASTS1',	'Allied - II - Course I : Linear Programming and its Applications',	'1'),
(1352,	'III',	'21UST03',	'Core Course III : Distribution Theory',	'1'),
(1353,	'IV',	'21USTN1',	'Non-Major Elective Course I : Statistics for Business Analysis - I',	'1'),
(1354,	'IV',	'21USTS1',	'Skill Enhancement Course I : Basics for Statistics',	'1'),
(1361,	'III',	'21ASTS2',	'Allied - II - Course II : Decision Theory and its Applications',	'1'),
(1362,	'III',	'21UST04',	'Core Course IV : Sampling Techniques',	'1'),
(1367,	'IV',	'21USTN2',	'Non-Major Elective Course - II : Statistics for Business Analysis - II',	'1'),
(1368,	'I',	'21FTL01',	'Foundation Tamil - I',	'1'),
(1369,	'II',	'21FEL01',	'Communicative English - I',	'1'),
(1370,	'III',	'21ABY01',	'Allied - I - Course I : Botany - I',	'1'),
(1371,	'III',	'21UZL01',	'Core Course I : Invertebrata',	'1'),
(1372,	'IV',	'21AECC1',	'Ability Enhancement Compulsory Course - I : Value Based Education',	'1'),
(1373,	'IV',	'21UPE01',	'Professional English - I',	'1'),
(1374,	'I',	'21FTL02',	'Foundation Tamil - II',	'1'),
(1375,	'II',	'21FEL02',	'Communicative English - II',	'1'),
(1376,	'III',	'21ABY02',	'Allied - I - Course II : Botany - II',	'1'),
(1377,	'III',	'21UZL02',	'Core Course II : Chordata',	'1'),
(1378,	'IV',	'21AECC2',	'Ability Enhancement Compulsory Course - II: Environmental Studies',	'1'),
(1379,	'IV',	'21UPE02',	'Professional English - II',	'1'),
(1380,	'I',	'21FTL03',	'Foundation Tamil - III',	'1'),
(1381,	'II',	'21FEL03',	'Foundation English - I',	'1'),
(1382,	'III',	'21ACH01',	'Allied Course I : Chemistry - I',	'1'),
(1383,	'III',	'21UZL03',	'Core Course III : Cell Biology',	'1'),
(1384,	'IV',	'21UZLN1',	'Non-Major Elective Course I : Nutrition and Dietetics',	'1'),
(1385,	'IV',	'21UZLS1',	'Skill Enhancement Course I : Aquaculture',	'1'),
(1386,	'V',	'21EXAT1',	'Extension(Community Service) : National Cadet Corps',	'1'),
(1387,	'V',	'21EXAT2',	'Extension(Community Service) : National Social Service',	'1'),
(1388,	'V',	'21EXAT3',	'Extension(Community Awareness) : Indian Heritage and Culture',	'1'),
(1389,	'V',	'21EXAT4',	'Extension(Community Awareness) : Public Health and Personal Hygiene',	'1'),
(1390,	'I',	'21FTL04',	'Foundation Tamil - IV',	'1'),
(1391,	'II',	'21FEL04',	'Foundation English - II',	'1'),
(1392,	'III',	'21ACH02',	'Allied Course II : Chemistry - II',	'1'),
(1393,	'III',	'21UZL04',	'Core Course IV : Genetics',	'1'),
(1394,	'IV',	'21AEEC1',	'Ability Enhancement Elective Course I : Gandhian Thoughts',	'1'),
(1395,	'IV',	'21AEEC2',	'Ability Enhancement Elective Course II : Human Rights',	'1'),
(1396,	'IV',	'21AEEC3',	'Ability Enhancement Elective Course III : Business Startup Fundamentals',	'1'),
(1397,	'IV',	'21AEEC4',	'Ability Enhancement Elective Course IV : Professional Ethics & Cyber Netiquette',	'1'),
(1398,	'IV',	'21UZLN2',	'Non-Major Elective Course - II : Economic Zoology',	'1'),
(1401,	'III',	'22AECE1',	'Allied - I - Course I : Principles of Marketing',	'1'),
(1402,	'III',	'22UEC01',	'Core Course I : Micro Economics - I',	'1'),
(1403,	'III',	'22UEC02',	'Core Course II : Indian Economy - Problems and Policies',	'1'),
(1408,	'III',	'22AECE2',	'Allied - I - Course II : Elements of Export Marketing',	'1'),
(1409,	'III',	'22UEC03',	'Core Course III : Micro Economics - II',	'1'),
(1410,	'III',	'22UEC04',	'Core Course IV : International Economics',	'1'),
(1414,	'III',	'22AEL01',	'Allied Course I : Social History of England',	'1'),
(1415,	'III',	'22UEL01',	'Core Course I : British Literature - I',	'1'),
(1416,	'III',	'22UEL02',	'Core Course II : Indian Literatures in English',	'1'),
(1421,	'III',	'22AEL02',	'Allied Course II : Literary Forms and Terms',	'1'),
(1422,	'III',	'22UEL03',	'Core Course III : British Literature - II (From 19th to 20th Century)',	'1'),
(1423,	'III',	'22UEL04',	'Core Course IV : American Literature - I',	'1'),
(1427,	'III',	'22AHT01',	'Allied Course I : Tourism - Principles and Practices',	'1'),
(1428,	'III',	'22UHT01',	'Core Course I : History of Ancient Tamilagam',	'1'),
(1429,	'III',	'22UHT02',	'Core Course II: History of Ancient India upto 300 C.E.',	'1'),
(1434,	'III',	'22AHT02',	'Allied Course II : Marketing in Tourism and Travel Management',	'1'),
(1435,	'III',	'22UHT03',	'Core Course III : History of Tamil Nadu From 1336 C.E. To 1947 C.E.',	'1'),
(1436,	'III',	'22UHT04',	'Core Course IV : History of Ancient India From 300 C.E. To 1206 C.E.',	'1'),
(1440,	'III',	'22AHTA1',	'Allied Course I : History - I',	'1'),
(1441,	'III',	'22UPS01',	'Core Course I : Political Theory',	'1'),
(1442,	'III',	'22UPS02',	'Core Course II : Organs of Government and Political Process',	'1'),
(1447,	'III',	'22AHTA2',	'Allied Course II : History - II',	'1'),
(1448,	'III',	'22UPS03',	'Core Course III : Western Political Thought - I',	'1'),
(1449,	'III',	'22UPS04',	'Core Course IV : Comparative Governments',	'1'),
(1454,	'III',	'22UPA01',	'Core Course I : Introduction to Public Administration',	'1'),
(1455,	'III',	'22UPA02',	'Core Course II : Administrative Thinkers',	'1'),
(1461,	'III',	'22UPA03',	'Core Course III : Comparative Public Administration',	'1'),
(1462,	'III',	'22UPA04',	'Core Course IV : Indian Administration',	'1'),
(1466,	'III',	'22ATL01',	'Allied Course I : Tamizhar Varalarum Panpadum - I',	'1'),
(1467,	'III',	'22UTL01',	'Core Course I : Ilakkanam - I Nannool-Ezhuththathigaram',	'1'),
(1468,	'III',	'22UTL02',	'Core Course II : Ikkala Ilakkiyam - I Kavithaiyum Punaikathaiyum',	'1'),
(1472,	'III',	'22ATL02',	'Allied Course II : Tamizhar Varalarum Panpadum - II',	'1'),
(1473,	'III',	'22UTL03',	'Core Course III : Ilakkanam - II Nannool - Chollathigaram',	'1'),
(1474,	'III',	'22UTL04',	'Core Course IV : Ikkala Ilakkiyam - II Urainadaiyum Nadagamum',	'1'),
(1479,	'III',	'22UBN01',	'Core Course I : Principles of Management',	'1'),
(1480,	'III',	'22UBN02',	'Core Course II : Business Communication',	'1'),
(1486,	'III',	'22UBN03',	'Core Course III : Financial Accounting',	'1'),
(1487,	'III',	'22UBN04',	'Core Course IV : Organisational Behaviour',	'1'),
(1492,	'III',	'22UCA01',	'Core Course I : Foundations of Computer Applications',	'1'),
(1498,	'III',	'22UCA02',	'Core Course II : Programming in C',	'1'),
(1503,	'III',	'22UCE01',	'Core Course I : Financial Accounting - I',	'1'),
(1504,	'III',	'22UCE02',	'Core Course II : Business Communication',	'1'),
(1510,	'III',	'22UCE03',	'Core Course III : Financial Accounting - II',	'1'),
(1511,	'III',	'22UCE04',	'Core Course IV : Principles of Management',	'1'),
(1515,	'III',	'22AEC01',	'Allied Course I : Business Economics',	'1'),
(1516,	'III',	'22UCN01',	'Core Course I : Theory of Cooperation',	'1'),
(1517,	'III',	'22UCN02',	'Core Course II : Business Organisation',	'1'),
(1522,	'III',	'22AEC02',	'Allied Course II : Indian Economy',	'1'),
(1523,	'III',	'22UCN03',	'Core Course III : Cooperative Development in India',	'1'),
(1524,	'III',	'22UCN04',	'Core Course IV : Principles of Accounting',	'1'),
(1528,	'III',	'22ABC01',	'Allied - I - Course I : Business Application Software',	'1'),
(1529,	'III',	'22UBC01',	'Core Course I : Financial Accounting - I',	'1'),
(1530,	'III',	'22UBC02',	'Core Course II : Business Communication',	'1'),
(1535,	'III',	'22ABC02',	'Allied - I - Course II : Database Management System',	'1'),
(1536,	'III',	'22UBC03',	'Core Course III : Financial Accounting - II',	'1'),
(1537,	'IV',	'22AECC2',	'Ability Enhancement Compulsory Course - II : Environmental Studies',	'1'),
(1540,	'III',	'22ACH01',	'Allied Course I : Chemistry - I',	'1'),
(1542,	'III',	'22UGL01',	'Core Course I : Fundamentals of Geology',	'1'),
(1547,	'III',	'22ACH02',	'Allied Course II : Chemistry - II',	'1'),
(1549,	'III',	'22UGL02',	'Core Course II : Geomorphology and Structural Geology',	'1'),
(1554,	'III',	'22UBY01',	'Core Course I : Algae and Bryophytes',	'1'),
(1560,	'III',	'22UBY02',	'Core Course II : Viruses, Bacteria, Fungi and Lichens',	'1'),
(1566,	'III',	'22AZL01',	'Allied - I - Course I : Zoology - I',	'1'),
(1567,	'III',	'22UCH01',	'Core Course I : General Chemistry - I',	'1'),
(1574,	'III',	'22AZL02',	'Allied - I - Course II : Zoology - II',	'1'),
(1575,	'III',	'22UCH02',	'Core Course II : General Chemistry - II',	'1'),
(1580,	'III',	'22UCS01',	'Core Course I : Computer Fundamentals and Python Programming',	'1'),
(1586,	'III',	'22UCS02',	'Core Course II : Programming in C',	'1'),
(1590,	'III',	'22ASTG1',	'Allied - I - Course I : Applied Statistics - I',	'1'),
(1591,	'III',	'22UGY01',	'Core Course I : Geomorphology',	'1'),
(1596,	'III',	'22ASTG2',	'Allied - I - Course II : Applied Statistics - II',	'1'),
(1597,	'III',	'22UGY02',	'Core Course II : Climatology',	'1'),
(1601,	'III',	'22APY01',	'Allied Course I : Physics - I',	'1'),
(1602,	'III',	'22UMT01',	'Core Course I : Classical Algebra and Trigonometry',	'1'),
(1603,	'III',	'22UMT02',	'Core Course - II : Differential Calculus',	'1'),
(1608,	'III',	'22APY02',	'Allied Course II : Physics - II',	'1'),
(1609,	'III',	'22UMT03',	'Core Course III : Analytical Solid Geometry',	'1'),
(1610,	'III',	'22UMT04',	'Core Course IV: Integral & Vector Calculus',	'1'),
(1615,	'III',	'22UPY01',	'Core Course I : Mechanics and Sound',	'1'),
(1621,	'III',	'22UPY02',	'Core Course II : Heat and Thermodynamics',	'1'),
(1625,	'III',	'22AMT01',	'Allied - I - Course I : Mathematics - I',	'1'),
(1626,	'III',	'22UST01',	'Core Course I : Descriptive Statistics',	'1'),
(1631,	'III',	'22AMT02',	'Allied - I - Course II : Mathematics - II',	'1'),
(1632,	'III',	'22UST02',	'Core Course II : Probability theory',	'1'),
(1634,	'I',	'22FTL01',	'Foundation Tamil - I',	'1'),
(1635,	'II',	'22FEL01',	'Communicative English - I',	'1'),
(1636,	'III',	'22ABY01',	'Allied - I - Course I : Botany - I',	'1'),
(1637,	'III',	'22UZL01',	'Core Course I : Invertebrata',	'1'),
(1638,	'IV',	'22AECC1',	'Ability Enhancement Compulsory Course - I : Value Based Education',	'1'),
(1639,	'IV',	'22UPE01',	'Professional English - I',	'1'),
(1640,	'I',	'22FTL02',	'Foundation Tamil - II',	'1'),
(1641,	'II',	'22FEL02',	'Communicative English - II',	'1'),
(1642,	'III',	'22ABY02',	'Allied - I - Course II : Botany - II',	'1'),
(1643,	'III',	'22UZL02',	'Core Course II : Chordata',	'1'),
(1644,	'IV',	'22AECC2',	'Ability Enhancement Compulsory Course - II: Environmental Studies',	'1');

DROP TABLE IF EXISTS `tbl_teacher`;
CREATE TABLE `tbl_teacher` (
  `id` int(50) NOT NULL AUTO_INCREMENT,
  `tfname` varchar(50) NOT NULL,
  `tlname` varchar(50) NOT NULL,
  `Designation` varchar(50) NOT NULL,
  `temail` varchar(50) NOT NULL,
  `dept_id` int(11) NOT NULL,
  `password` varchar(250) NOT NULL,
  `tgender` varchar(50) NOT NULL,
  `tdob` date NOT NULL,
  `tcontact` varchar(11) NOT NULL,
  `taddress` varchar(100) NOT NULL,
  PRIMARY KEY (`id`)
) ENGINE=InnoDB DEFAULT CHARSET=latin1 COLLATE=latin1_swedish_ci;

INSERT INTO `tbl_teacher` (`id`, `tfname`, `tlname`, `Designation`, `temail`, `dept_id`, `password`, `tgender`, `tdob`, `tcontact`, `taddress`) VALUES
(1,	'Dr. MARTHA LEEMA ROSE',	'',	'Associate Professor & Head',	'rose@mymail.com',	15,	'0390024610415f44c9d5ca4a01dd96bb09fc95e6450bfd740a9a4cf4abcc8311',	'Male',	'2023-11-29',	'12012',	'Null'),
(2,	'Dr. C.ALAGESA BOOPATHI',	'',	'Assistant Professor',	'boopathi@mymail.com',	15,	'0390024610415f44c9d5ca4a01dd96bb09fc95e6450bfd740a9a4cf4abcc8312',	'Male',	'2023-11-30',	'12012',	'Null'),
(3,	'Dr. S.ARUMUGAM',	'',	'Assistant Professor',	's.arumugam@mymail.com',	15,	'0390024610415f44c9d5ca4a01dd96bb09fc95e6450bfd740a9a4cf4abcc8313',	'Male',	'2023-12-01',	'12012',	'Null'),
(4,	'Dr. T.SASIKALA',	'',	'Assistant Professor',	't.sasikala@mymail.com',	15,	'0390024610415f44c9d5ca4a01dd96bb09fc95e6450bfd740a9a4cf4abcc8314',	'Male',	'2023-12-02',	'12012',	'Null'),
(5,	'Dr. S.ANITHA',	'',	'Assistant Professor',	's.anitha@mymail.com',	15,	'0390024610415f44c9d5ca4a01dd96bb09fc95e6450bfd740a9a4cf4abcc8315',	'Male',	'2023-12-03',	'12012',	'Null'),
(6,	'Dr. V.R.SATHYA MURTHY',	'',	'Assistant Professor',	'murthy@mymail.com',	15,	'0390024610415f44c9d5ca4a01dd96bb09fc95e6450bfd740a9a4cf4abcc8316',	'Male',	'2023-12-04',	'12012',	'Null'),
(7,	'Dr. N.KARMEGAM',	'',	'Assistant Professor',	'n.karmegam@mymail.com',	15,	'0390024610415f44c9d5ca4a01dd96bb09fc95e6450bfd740a9a4cf4abcc8317',	'Male',	'2023-12-05',	'12012',	'Null'),
(8,	'Mrs. K.SATHIAMEENA',	'',	'Assistant Professor',	'k.sathiameena@mymail.com',	15,	'0390024610415f44c9d5ca4a01dd96bb09fc95e6450bfd740a9a4cf4abcc8318',	'Male',	'2023-12-06',	'12012',	'Null'),
(9,	'Dr. T.SENTHILKUMAR',	'',	'Assistant Professor',	't.senthilkumar@mymail.com',	15,	'0390024610415f44c9d5ca4a01dd96bb09fc95e6450bfd740a9a4cf4abcc8319',	'Male',	'2023-12-07',	'12012',	'Null'),
(10,	'Dr. S.BASKAR',	'',	'Assistant Professor',	's.baskar@mymail.com',	15,	'0390024610415f44c9d5ca4a01dd96bb09fc95e6450bfd740a9a4cf4abcc8320',	'Male',	'2023-12-08',	'12012',	'Null'),
(11,	'A. SAMIYAPPAN',	'',	'Guest Lecturer-Shift II',	'samiyappan@mymail.com',	15,	'0390024610415f44c9d5ca4a01dd96bb09fc95e6450bfd740a9a4cf4abcc8322',	'Male',	'2023-12-10',	'12012',	'Null'),
(12,	'Dr. S.SARAVANAKUMAR',	'',	'Assistant Professor & Head',	's.saravanakumar@mymail.com',	7,	'0390024610415f44c9d5ca4a01dd96bb09fc95e6450bfd740a9a4cf4abcc8227',	'Male',	'2023-09-06',	'12012',	'Null'),
(13,	'Mr. M.ELAVARASAN',	'',	'Assistant Professor',	'm.elavarasan@mymail.com',	7,	'0390024610415f44c9d5ca4a01dd96bb09fc95e6450bfd740a9a4cf4abcc8228',	'Male',	'2023-09-07',	'12012',	'Null'),
(14,	'M. ALAGIRINATHAN',	'',	'Guest Lecturer-Shift II',	'alagirinathan@mymail.com',	7,	'0390024610415f44c9d5ca4a01dd96bb09fc95e6450bfd740a9a4cf4abcc8231',	'Male',	'2023-09-10',	'12012',	'Null'),
(15,	'Dr.R. SATHEESH KUMAR',	'',	'Guest Lecturer-Shift II',	'kumar@mymail.com',	7,	'0390024610415f44c9d5ca4a01dd96bb09fc95e6450bfd740a9a4cf4abcc8232',	'Male',	'2023-09-11',	'12012',	'Null'),
(16,	'A. RAJU',	'',	'Guest Lecturer-Shift II',	'raju@mymail.com',	7,	'0390024610415f44c9d5ca4a01dd96bb09fc95e6450bfd740a9a4cf4abcc8233',	'Male',	'2023-09-12',	'12012',	'Null'),
(17,	'Dr. P. UMADEVI',	'',	'Guest Lecturer-Shift II',	'umadevi@mymail.com',	7,	'0390024610415f44c9d5ca4a01dd96bb09fc95e6450bfd740a9a4cf4abcc8234',	'Male',	'2023-09-13',	'12012',	'Null'),
(18,	'Dr.S.PARVATHY',	'',	'Assistant Professor',	's.parvathy@mymail.com',	14,	'0390024610415f44c9d5ca4a01dd96bb09fc95e6450bfd740a9a4cf4abcc8301',	'Male',	'2023-11-19',	'12012',	'Null'),
(19,	'Dr.P.AKILAN',	'',	'Assistant Professor',	'p.akilan@mymail.com',	14,	'0390024610415f44c9d5ca4a01dd96bb09fc95e6450bfd740a9a4cf4abcc8304',	'Male',	'2023-11-22',	'12012',	'Null'),
(20,	'Dr.A.KANNAN',	'',	'Assistant Professor',	'a.kannan@mymail.com',	14,	'0390024610415f44c9d5ca4a01dd96bb09fc95e6450bfd740a9a4cf4abcc8305',	'Male',	'2023-11-23',	'12012',	'Null'),
(21,	'Dr.V.CHANDRASEKARAN',	'',	'Assistant Professor',	'v.chandrasekaran@mymail.com',	14,	'0390024610415f44c9d5ca4a01dd96bb09fc95e6450bfd740a9a4cf4abcc8306',	'Male',	'2023-11-24',	'12012',	'Null'),
(22,	'MANIVANNAN.V',	'',	'Guest Lecturer-Shift II',	'v@mymail.com',	14,	'0390024610415f44c9d5ca4a01dd96bb09fc95e6450bfd740a9a4cf4abcc8308',	'Male',	'2023-11-26',	'12012',	'Null'),
(23,	'Dr. C. UMA RANI',	'',	'Assistant Professor & Head',	'rani@mymail.com',	14,	'0390024610415f44c9d5ca4a01dd96bb09fc95e6450bfd740a9a4cf4abcc8291',	'Male',	'2023-11-09',	'12012',	'Null'),
(24,	'Dr. N. BHADUSHA',	'',	'Assistant Professor',	'bhadusha@mymail.com',	14,	'0390024610415f44c9d5ca4a01dd96bb09fc95e6450bfd740a9a4cf4abcc8292',	'Male',	'2023-11-10',	'12012',	'Null'),
(25,	'Dr. G.SENTHIL KUMARAN',	'',	'Assistant Professor',	'kumaran@mymail.com',	14,	'0390024610415f44c9d5ca4a01dd96bb09fc95e6450bfd740a9a4cf4abcc8293',	'Male',	'2023-11-11',	'12012',	'Null'),
(26,	'Dr. S. SENTHIL',	'',	'Assistant Professor',	'senthil@mymail.com',	14,	'0390024610415f44c9d5ca4a01dd96bb09fc95e6450bfd740a9a4cf4abcc8294',	'Male',	'2023-11-12',	'12012',	'Null'),
(27,	'Mr. G.SENTHIL KUMAR',	'',	'Assistant Professor',	'kumar@mymail.com',	14,	'0390024610415f44c9d5ca4a01dd96bb09fc95e6450bfd740a9a4cf4abcc8295',	'Male',	'2023-11-13',	'12012',	'Null'),
(28,	'Mr.V.C.SENTHIL KUMAR',	'',	'Assistant Professor',	'kumar@mymail.com',	14,	'0390024610415f44c9d5ca4a01dd96bb09fc95e6450bfd740a9a4cf4abcc8296',	'Male',	'2023-11-14',	'12012',	'Null'),
(29,	'Mrs. K.SIVARANJANI',	'',	'Assistant Professor',	'k.sivaranjani@mymail.com',	14,	'0390024610415f44c9d5ca4a01dd96bb09fc95e6450bfd740a9a4cf4abcc8297',	'Male',	'2023-11-15',	'12012',	'Null'),
(30,	'Dr.R. KANAGALATHA',	'',	'Assistant Professor',	'kanagalatha@mymail.com',	14,	'0390024610415f44c9d5ca4a01dd96bb09fc95e6450bfd740a9a4cf4abcc8298',	'Male',	'2023-11-16',	'12012',	'Null'),
(31,	'Mrs. V.MANJULA',	'',	'Assistant Professor',	'v.manjula@mymail.com',	14,	'0390024610415f44c9d5ca4a01dd96bb09fc95e6450bfd740a9a4cf4abcc8299',	'Male',	'2023-11-17',	'12012',	'Null'),
(32,	'Dr.M. SHERIN BANU',	'',	'Assistant Professor',	'banu@mymail.com',	14,	'0390024610415f44c9d5ca4a01dd96bb09fc95e6450bfd740a9a4cf4abcc8300',	'Male',	'2023-11-18',	'12012',	'Null'),
(33,	'Mr. S.R.ELAVARASU',	'',	'Assistant Professor',	's.r.elavarasu@mymail.com',	14,	'0390024610415f44c9d5ca4a01dd96bb09fc95e6450bfd740a9a4cf4abcc8302',	'Male',	'2023-11-20',	'12012',	'Null'),
(34,	'Dr. P.MATHESWARAN',	'',	'Assistant Professor',	'p.matheswaran@mymail.com',	14,	'0390024610415f44c9d5ca4a01dd96bb09fc95e6450bfd740a9a4cf4abcc8303',	'Male',	'2023-11-21',	'12012',	'Null'),
(35,	' GUNASEKARAN T',	'',	'Guest Lecturer-Shift II',	't@mymail.com',	14,	'0390024610415f44c9d5ca4a01dd96bb09fc95e6450bfd740a9a4cf4abcc8307',	'Male',	'2023-11-25',	'12012',	'Null'),
(36,	'RAJAPRIYA R',	'',	'Guest Lecturer-Shift II',	'r@mymail.com',	14,	'0390024610415f44c9d5ca4a01dd96bb09fc95e6450bfd740a9a4cf4abcc8309',	'Male',	'2023-11-27',	'12012',	'Null'),
(37,	'Dr.VALENTINE RUPA A',	'',	'Guest Lecturer-Shift II',	'a@mymail.com',	14,	'0390024610415f44c9d5ca4a01dd96bb09fc95e6450bfd740a9a4cf4abcc8310',	'Male',	'2023-11-28',	'12012',	'Null'),
(38,	'Mr.P.SRINIVASAN',	'',	'Assistant Professor',	'p.srinivasan@mymail.com',	6,	'0390024610415f44c9d5ca4a01dd96bb09fc95e6450bfd740a9a4cf4abcc8218',	'Male',	'2023-08-28',	'12012',	'Null'),
(39,	'A.KANNAN',	'',	'Guest Lecturer-Shift II',	'kannan@mymail.com',	6,	'0390024610415f44c9d5ca4a01dd96bb09fc95e6450bfd740a9a4cf4abcc8223',	'Male',	'2023-09-02',	'12012',	'Null'),
(40,	'R.VASANTHARANI',	'',	'Guest Lecturer-Shift II',	'vasantharani@mymail.com',	6,	'0390024610415f44c9d5ca4a01dd96bb09fc95e6450bfd740a9a4cf4abcc8224',	'Male',	'2023-09-03',	'12012',	'Null'),
(41,	'Dr. S.SURESHBABU',	'',	'Assistant Professor & Head',	's.sureshbabu@mymail.com',	6,	'0390024610415f44c9d5ca4a01dd96bb09fc95e6450bfd740a9a4cf4abcc8215',	'Male',	'2023-08-25',	'12012',	'Null'),
(42,	'Dr. P.PITCHAIMUTHU',	'',	'Assistant Professor',	'p.pitchaimuthu@mymail.com',	6,	'0390024610415f44c9d5ca4a01dd96bb09fc95e6450bfd740a9a4cf4abcc8216',	'Male',	'2023-08-26',	'12012',	'Null'),
(43,	'Dr. T.RAMESH',	'',	'Assistant Professor',	't.ramesh@mymail.com',	6,	'0390024610415f44c9d5ca4a01dd96bb09fc95e6450bfd740a9a4cf4abcc8217',	'Male',	'2023-08-27',	'12012',	'Null'),
(44,	'Dr.M. SHANKAR',	'',	'Guest Lecturer-Shift I',	'shankar@mymail.com',	6,	'0390024610415f44c9d5ca4a01dd96bb09fc95e6450bfd740a9a4cf4abcc8219',	'Male',	'2023-08-29',	'12012',	'Null'),
(45,	'Dr. P. KANNAN',	'',	'Guest Lecturer-Shift I',	'kannan@mymail.com',	6,	'0390024610415f44c9d5ca4a01dd96bb09fc95e6450bfd740a9a4cf4abcc8220',	'Male',	'2023-08-30',	'12012',	'Null'),
(46,	'Dr. R. SURESH',	'',	'Guest Lecturer-Shift I',	'suresh@mymail.com',	6,	'0390024610415f44c9d5ca4a01dd96bb09fc95e6450bfd740a9a4cf4abcc8221',	'Male',	'2023-08-31',	'12012',	'Null'),
(47,	'Mrs. J. SUMATHI',	'',	'Guest Lecturer-Shift I',	'sumathi@mymail.com',	6,	'0390024610415f44c9d5ca4a01dd96bb09fc95e6450bfd740a9a4cf4abcc8222',	'Male',	'2023-09-01',	'12012',	'Null'),
(48,	'Dr. H.J.FRANKLIN BANISTER',	'',	'Guest Lecturer-Shift II',	'banister@mymail.com',	6,	'0390024610415f44c9d5ca4a01dd96bb09fc95e6450bfd740a9a4cf4abcc8225',	'Male',	'2023-09-04',	'12012',	'Null'),
(49,	'Dr. G.SEENIVASAN',	'',	'Guest Lecturer-Shift II',	'g.seenivasan@mymail.com',	6,	'0390024610415f44c9d5ca4a01dd96bb09fc95e6450bfd740a9a4cf4abcc8226',	'Male',	'2023-09-05',	'12012',	'Null'),
(50,	'Dr. T.THIRUPATHI',	'',	'Assistant Professor & Head',	't.thirupathi@mymail.com',	5,	'0390024610415f44c9d5ca4a01dd96bb09fc95e6450bfd740a9a4cf4abcc8204',	'Male',	'2023-08-14',	'12012',	'Null'),
(51,	'Dr. C.MANIKANDA MUTHUKUMAR',	'',	'Assistant Professor',	'muthukumar@mymail.com',	5,	'0390024610415f44c9d5ca4a01dd96bb09fc95e6450bfd740a9a4cf4abcc8205',	'Male',	'2023-08-15',	'12012',	'Null'),
(52,	'Dr. M.SYED IBRHIM',	'',	'Assistant Professor',	'ibrhim@mymail.com',	5,	'0390024610415f44c9d5ca4a01dd96bb09fc95e6450bfd740a9a4cf4abcc8206',	'Male',	'2023-08-16',	'12012',	'Null'),
(53,	'Dr. P.RAJA',	'',	'Assistant Professor',	'p.raja@mymail.com',	5,	'0390024610415f44c9d5ca4a01dd96bb09fc95e6450bfd740a9a4cf4abcc8207',	'Male',	'2023-08-17',	'12012',	'Null'),
(54,	'Dr. S. DEEPA',	'',	'Assistant Professor',	'deepa@mymail.com',	5,	'0390024610415f44c9d5ca4a01dd96bb09fc95e6450bfd740a9a4cf4abcc8208',	'Male',	'2023-08-18',	'12012',	'Null'),
(55,	'Dr. C. MADHESH',	'',	'Assistant Professor',	'madhesh@mymail.com',	5,	'0390024610415f44c9d5ca4a01dd96bb09fc95e6450bfd740a9a4cf4abcc8209',	'Male',	'2023-08-19',	'12012',	'Null'),
(56,	'Dr.M.D. GEETHA',	'',	'Guest Lecturer-Shift II',	'geetha@mymail.com',	5,	'0390024610415f44c9d5ca4a01dd96bb09fc95e6450bfd740a9a4cf4abcc8210',	'Male',	'2023-08-20',	'12012',	'Null'),
(57,	'Dr.K. KARTHIKEYAN',	'',	'Guest Lecturer-Shift II',	'karthikeyan@mymail.com',	5,	'0390024610415f44c9d5ca4a01dd96bb09fc95e6450bfd740a9a4cf4abcc8211',	'Male',	'2023-08-21',	'12012',	'Null'),
(58,	'Dr. G. SASIKALA',	'',	'Guest Lecturer-Shift II',	'sasikala@mymail.com',	5,	'0390024610415f44c9d5ca4a01dd96bb09fc95e6450bfd740a9a4cf4abcc8212',	'Male',	'2023-08-22',	'12012',	'Null'),
(59,	'Dr. G. UDHAYA DHEEPA',	'',	'Guest Lecturer-Shift II',	'dheepa@mymail.com',	5,	'0390024610415f44c9d5ca4a01dd96bb09fc95e6450bfd740a9a4cf4abcc8213',	'Male',	'2023-08-23',	'12012',	'Null'),
(60,	'Dr. P.M.SUGAVANESWARI',	'',	'Assistant Professor & Head',	'p.m.sugavaneswari@mymail.com',	21,	'0390024610415f44c9d5ca4a01dd96bb09fc95e6450bfd740a9a4cf4abcc8214',	'Male',	'2023-08-24',	'12012',	'Null'),
(61,	'Dr.A.VIJAYA',	'',	'Assistant Professor & Head',	'a.vijaya@mymail.com',	20,	'0390024610415f44c9d5ca4a01dd96bb09fc95e6450bfd740a9a4cf4abcc8354',	'Male',	'2024-01-11',	'12012',	'Null'),
(62,	'Dr.A.KANGAIAMMAL',	'',	'Assistant Professor',	'a.kangaiammal@mymail.com',	20,	'0390024610415f44c9d5ca4a01dd96bb09fc95e6450bfd740a9a4cf4abcc8355',	'Male',	'2024-01-12',	'12012',	'Null'),
(63,	'Dr.C.SENTHAMARAI',	'',	'Assistant Professor',	'c.senthamarai@mymail.com',	20,	'0390024610415f44c9d5ca4a01dd96bb09fc95e6450bfd740a9a4cf4abcc8356',	'Male',	'2024-01-13',	'12012',	'Null'),
(64,	'C.PREETHA',	'',	'Guest Lecturer-Shift II',	'ma rani@mymail.com',	20,	'0390024610415f44c9d5ca4a01dd96bb09fc95e6450bfd740a9a4cf4abcc8361',	'Male',	'2024-01-18',	'12012',	'Null'),
(65,	'Mr. V. GANDHIRAJA',	'',	'Assistant Professor',	'gandhiraja@mymail.com',	20,	'0390024610415f44c9d5ca4a01dd96bb09fc95e6450bfd740a9a4cf4abcc8357',	'Male',	'2024-01-14',	'12012',	'Null'),
(66,	'T. DURGA',	'',	'Guest Lecturer-Shift I',	'durga@mymail.com',	20,	'0390024610415f44c9d5ca4a01dd96bb09fc95e6450bfd740a9a4cf4abcc8358',	'Male',	'2024-01-15',	'12012',	'Null'),
(67,	'A. RAJALAKSHMI',	'',	'Guest Lecturer-Shift I',	'rajalakshmi@mymail.com',	20,	'0390024610415f44c9d5ca4a01dd96bb09fc95e6450bfd740a9a4cf4abcc8359',	'Male',	'2024-01-16',	'12012',	'Null'),
(68,	'S. ELAMATHI',	'',	'Guest Lecturer-Shift I',	'elamathi@mymail.com',	20,	'0390024610415f44c9d5ca4a01dd96bb09fc95e6450bfd740a9a4cf4abcc8360',	'Male',	'2024-01-17',	'12012',	'Null'),
(69,	'M. SELVAKUMAR',	'',	'Guest Lecturer-Shift II',	'selvakumar@mymail.com',	20,	'0390024610415f44c9d5ca4a01dd96bb09fc95e6450bfd740a9a4cf4abcc8362',	'Male',	'2024-01-19',	'12012',	'Null'),
(70,	'K. GEETHA',	'',	'Guest Lecturer-Shift II',	'geetha@mymail.com',	20,	'0390024610415f44c9d5ca4a01dd96bb09fc95e6450bfd740a9a4cf4abcc8363',	'Male',	'2024-01-20',	'12012',	'Null'),
(71,	'Mr. M.THANGAVEL',	'',	'Associate Professor & Head',	'm.thangavel@mymail.com',	19,	'0390024610415f44c9d5ca4a01dd96bb09fc95e6450bfd740a9a4cf4abcc8347',	'Male',	'2024-01-04',	'12012',	'Null'),
(72,	'Dr. K.AKILANDESWARI',	'',	'Associate Professor',	'k.akilandeswari@mymail.com',	19,	'0390024610415f44c9d5ca4a01dd96bb09fc95e6450bfd740a9a4cf4abcc8348',	'Male',	'2024-01-05',	'12012',	'Null'),
(73,	'Dr. M.MALATHI',	'',	'Assistant Professor',	'm.malathi@mymail.com',	19,	'0390024610415f44c9d5ca4a01dd96bb09fc95e6450bfd740a9a4cf4abcc8349',	'Male',	'2024-01-06',	'12012',	'Null'),
(74,	'Dr. D.CHITRA',	'',	'Assistant Professor',	'd.chitra@mymail.com',	19,	'0390024610415f44c9d5ca4a01dd96bb09fc95e6450bfd740a9a4cf4abcc8350',	'Male',	'2024-01-07',	'12012',	'Null'),
(75,	'Mr. E.JAYABALAN',	'',	'Assistant Professor',	'e.jayabalan@mymail.com',	19,	'0390024610415f44c9d5ca4a01dd96bb09fc95e6450bfd740a9a4cf4abcc8351',	'Male',	'2024-01-08',	'12012',	'Null'),
(76,	'Dr. R. PUGAZENDI',	'',	'Assistant Professor',	'pugazendi@mymail.com',	19,	'0390024610415f44c9d5ca4a01dd96bb09fc95e6450bfd740a9a4cf4abcc8352',	'Male',	'2024-01-09',	'12012',	'Null'),
(77,	'VINCENT AROKIYAM ARULRAJA V',	'',	'Guest Lecturer-Shift II',	'v@mymail.com',	19,	'0390024610415f44c9d5ca4a01dd96bb09fc95e6450bfd740a9a4cf4abcc8353',	'Male',	'2024-01-10',	'12012',	'Null'),
(78,	'Dr.S.VENKATESAN',	'',	'Assistant Professor',	's.venkatesan@mymail.com',	4,	'0390024610415f44c9d5ca4a01dd96bb09fc95e6450bfd740a9a4cf4abcc8201',	'Male',	'2023-08-11',	'12012',	'Null'),
(79,	'Dr. V.P.JAYALAKSHMI',	'',	'Associate Professor & Head',	'v.p.jayalakshmi@mymail.com',	4,	'0390024610415f44c9d5ca4a01dd96bb09fc95e6450bfd740a9a4cf4abcc8193',	'Male',	'2023-08-03',	'12012',	'Null'),
(80,	'Dr. S.RAMASAMY',	'',	'Assistant Professor',	's.ramasamy@mymail.com',	4,	'0390024610415f44c9d5ca4a01dd96bb09fc95e6450bfd740a9a4cf4abcc8194',	'Male',	'2023-08-04',	'12012',	'Null'),
(81,	'Dr. A.SENTHIL KUMAR',	'',	'Assistant Professor',	'kumar@mymail.com',	4,	'0390024610415f44c9d5ca4a01dd96bb09fc95e6450bfd740a9a4cf4abcc8195',	'Male',	'2023-08-05',	'12012',	'Null'),
(82,	'Dr. A.APROSE',	'',	'Assistant Professor',	'a.aprose@mymail.com',	4,	'0390024610415f44c9d5ca4a01dd96bb09fc95e6450bfd740a9a4cf4abcc8196',	'Male',	'2023-08-06',	'12012',	'Null'),
(83,	'Dr. S.MUNUSAMY',	'',	'Assistant Professor',	's.munusamy@mymail.com',	4,	'0390024610415f44c9d5ca4a01dd96bb09fc95e6450bfd740a9a4cf4abcc8197',	'Male',	'2023-08-07',	'12012',	'Null'),
(84,	'Dr. K.MARIMUTHU',	'',	'Assistant Professor',	'k.marimuthu@mymail.com',	4,	'0390024610415f44c9d5ca4a01dd96bb09fc95e6450bfd740a9a4cf4abcc8198',	'Male',	'2023-08-08',	'12012',	'Null'),
(85,	'Dr. A.PALANISAMI',	'',	'Assistant Professor',	'a.palanisami@mymail.com',	4,	'0390024610415f44c9d5ca4a01dd96bb09fc95e6450bfd740a9a4cf4abcc8199',	'Male',	'2023-08-09',	'12012',	'Null'),
(86,	'Dr. M. SENTHILKUMAR',	'',	'Assistant Professor',	'senthilkumar@mymail.com',	4,	'0390024610415f44c9d5ca4a01dd96bb09fc95e6450bfd740a9a4cf4abcc8200',	'Male',	'2023-08-10',	'12012',	'Null'),
(87,	'Mr. S.KARTHIK',	'',	'Guest Lecturer-Shift II',	's.karthik@mymail.com',	4,	'0390024610415f44c9d5ca4a01dd96bb09fc95e6450bfd740a9a4cf4abcc8203',	'Male',	'2023-08-13',	'12012',	'Null'),
(88,	'Dr.K.THAMIZHARASI',	'',	'Associate Professor',	'k.thamizharasi@mymail.com',	2,	'0390024610415f44c9d5ca4a01dd96bb09fc95e6450bfd740a9a4cf4abcc8153',	'Male',	'2023-06-24',	'12012',	'Null'),
(89,	'Dr.T.GANGADHARAN',	'',	'Associate Professor',	't.gangadharan@mymail.com',	2,	'0390024610415f44c9d5ca4a01dd96bb09fc95e6450bfd740a9a4cf4abcc8154',	'Male',	'2023-06-25',	'12012',	'Null'),
(90,	'K.KAVITHA',	'',	'Guest Lecturer-Shift II',	'kavitha@mymail.com',	2,	'0390024610415f44c9d5ca4a01dd96bb09fc95e6450bfd740a9a4cf4abcc8173',	'Male',	'2023-07-14',	'12012',	'Null'),
(91,	'Dr. V.ANBARASI',	'',	'Associate Professor & Head',	'v.anbarasi@mymail.com',	2,	'0390024610415f44c9d5ca4a01dd96bb09fc95e6450bfd740a9a4cf4abcc8152',	'Male',	'2023-06-23',	'12012',	'Null'),
(92,	'Mr. K.ANBAZHAGAN',	'',	'Associate Professor',	'k.anbazhagan@mymail.com',	2,	'0390024610415f44c9d5ca4a01dd96bb09fc95e6450bfd740a9a4cf4abcc8155',	'Male',	'2023-06-26',	'12012',	'Null'),
(93,	'Dr. R.SHEELA BANU',	'',	'Associate Professor',	'banu@mymail.com',	2,	'0390024610415f44c9d5ca4a01dd96bb09fc95e6450bfd740a9a4cf4abcc8156',	'Male',	'2023-06-27',	'12012',	'Null'),
(94,	'Dr. T.ALAGARASAN',	'',	'Associate Professor',	't.alagarasan@mymail.com',	2,	'0390024610415f44c9d5ca4a01dd96bb09fc95e6450bfd740a9a4cf4abcc8157',	'Male',	'2023-06-28',	'12012',	'Null'),
(95,	'Mr. P.SHANMUGAVEL',	'',	'Associate Professor',	'p.shanmugavel@mymail.com',	2,	'0390024610415f44c9d5ca4a01dd96bb09fc95e6450bfd740a9a4cf4abcc8158',	'Male',	'2023-06-29',	'12012',	'Null'),
(96,	'Dr. D.BALASUBRAMANIAM',	'',	'Assistant Professor',	'd.balasubramaniam@mymail.com',	2,	'0390024610415f44c9d5ca4a01dd96bb09fc95e6450bfd740a9a4cf4abcc8159',	'Male',	'2023-06-30',	'12012',	'Null'),
(97,	'Dr. T.GOVINDARAJAN',	'',	'Assistant Professor',	't.govindarajan@mymail.com',	2,	'0390024610415f44c9d5ca4a01dd96bb09fc95e6450bfd740a9a4cf4abcc8160',	'Male',	'2023-07-01',	'12012',	'Null'),
(98,	'Dr. Y.RAJA',	'',	'Assistant Professor',	'y.raja@mymail.com',	2,	'0390024610415f44c9d5ca4a01dd96bb09fc95e6450bfd740a9a4cf4abcc8161',	'Male',	'2023-07-02',	'12012',	'Null'),
(99,	'Mrs. K.NIRANJANA',	'',	'Assistant Professor',	'k.niranjana@mymail.com',	2,	'0390024610415f44c9d5ca4a01dd96bb09fc95e6450bfd740a9a4cf4abcc8162',	'Male',	'2023-07-03',	'12012',	'Null'),
(100,	'Dr. K.GOMATHI',	'',	'Assistant Professor',	'k.gomathi@mymail.com',	2,	'0390024610415f44c9d5ca4a01dd96bb09fc95e6450bfd740a9a4cf4abcc8163',	'Male',	'2023-07-04',	'12012',	'Null'),
(101,	'Ms. P.NITHYA KALKYANI',	'',	'Assistant Professor',	'kalkyani@mymail.com',	2,	'0390024610415f44c9d5ca4a01dd96bb09fc95e6450bfd740a9a4cf4abcc8164',	'Male',	'2023-07-05',	'12012',	'Null'),
(102,	'Dr. GEETHA RAJAGOPAL',	'',	'Assistant Professor',	'rajagopal@mymail.com',	2,	'0390024610415f44c9d5ca4a01dd96bb09fc95e6450bfd740a9a4cf4abcc8165',	'Male',	'2023-07-06',	'12012',	'Null'),
(103,	'Dr. K.RAVICHANDRAN',	'',	'Assistant Professor',	'k.ravichandran@mymail.com',	2,	'0390024610415f44c9d5ca4a01dd96bb09fc95e6450bfd740a9a4cf4abcc8166',	'Male',	'2023-07-07',	'12012',	'Null'),
(104,	'Dr. J. JAYAKUMAR',	'',	'Assistant Professor',	'jayakumar@mymail.com',	2,	'0390024610415f44c9d5ca4a01dd96bb09fc95e6450bfd740a9a4cf4abcc8167',	'Male',	'2023-07-08',	'12012',	'Null'),
(105,	'Dr. S. SHANMUGAM',	'',	'Assistant Professor',	'shanmugam@mymail.com',	2,	'0390024610415f44c9d5ca4a01dd96bb09fc95e6450bfd740a9a4cf4abcc8168',	'Male',	'2023-07-09',	'12012',	'Null'),
(106,	'Mr. J.PARTHIBAN',	'',	'Assistant Professor',	'j.parthiban@mymail.com',	2,	'0390024610415f44c9d5ca4a01dd96bb09fc95e6450bfd740a9a4cf4abcc8169',	'Male',	'2023-07-10',	'12012',	'Null'),
(107,	'J. YUVAKUMAR',	'',	'Guest Lecturer-Shift II',	'yuvakumar@mymail.com',	2,	'0390024610415f44c9d5ca4a01dd96bb09fc95e6450bfd740a9a4cf4abcc8170',	'Male',	'2023-07-11',	'12012',	'Null'),
(108,	'M. SAKTHIPRIYA',	'',	'Guest Lecturer-Shift II',	'sakthipriya@mymail.com',	2,	'0390024610415f44c9d5ca4a01dd96bb09fc95e6450bfd740a9a4cf4abcc8171',	'Male',	'2023-07-12',	'12012',	'Null'),
(109,	'P. GOWRISHANKAR',	'',	'Guest Lecturer-Shift II',	'gowrishankar@mymail.com',	2,	'0390024610415f44c9d5ca4a01dd96bb09fc95e6450bfd740a9a4cf4abcc8172',	'Male',	'2023-07-13',	'12012',	'Null'),
(110,	'S. POOVARASI',	'',	'Guest Lecturer-Shift II',	'poovarasi@mymail.com',	2,	'0390024610415f44c9d5ca4a01dd96bb09fc95e6450bfd740a9a4cf4abcc8174',	'Male',	'2023-07-15',	'12012',	'Null'),
(111,	'V. HARIVINOTH',	'',	'Guest Lecturer-Shift II',	'harivinoth@mymail.com',	2,	'0390024610415f44c9d5ca4a01dd96bb09fc95e6450bfd740a9a4cf4abcc8175',	'Male',	'2023-07-16',	'12012',	'Null'),
(112,	'M. MOVIYAL',	'',	'Guest Lecturer-Shift II',	'moviyal@mymail.com',	2,	'0390024610415f44c9d5ca4a01dd96bb09fc95e6450bfd740a9a4cf4abcc8176',	'Male',	'2023-07-17',	'12012',	'Null'),
(113,	'R. ILAYARAJA',	'',	'Guest Lecturer-Shift II',	'ilayaraja@mymail.com',	2,	'0390024610415f44c9d5ca4a01dd96bb09fc95e6450bfd740a9a4cf4abcc8177',	'Male',	'2023-07-18',	'12012',	'Null'),
(114,	'S.M. SAROIRAM',	'',	'Guest Lecturer-Shift II',	'saroiram@mymail.com',	2,	'0390024610415f44c9d5ca4a01dd96bb09fc95e6450bfd740a9a4cf4abcc8178',	'Male',	'2023-07-19',	'12012',	'Null'),
(115,	'Dr. A.RAJA',	'',	'Associate Professor & Head',	'a.raja@mymail.com',	18,	'0390024610415f44c9d5ca4a01dd96bb09fc95e6450bfd740a9a4cf4abcc8342',	'Male',	'2023-12-30',	'12012',	'Null'),
(116,	'Dr.  P.ARUL',	'',	'Associate Professor',	'p.arul@mymail.com',	18,	'0390024610415f44c9d5ca4a01dd96bb09fc95e6450bfd740a9a4cf4abcc8343',	'Male',	'2023-12-31',	'12012',	'Null'),
(117,	'Dr. A. ILANTHIRAIAN',	'',	'Assistant Professor',	'ilanthiraian@mymail.com',	18,	'0390024610415f44c9d5ca4a01dd96bb09fc95e6450bfd740a9a4cf4abcc8344',	'Male',	'2024-01-01',	'12012',	'Null'),
(118,	'Dr. P. SELVAKUMAR',	'',	'Guest Lecturer-Shift I',	'selvakumar@mymail.com',	18,	'0390024610415f44c9d5ca4a01dd96bb09fc95e6450bfd740a9a4cf4abcc8345',	'Male',	'2024-01-02',	'12012',	'Null'),
(119,	'Dr. V. RENGAN',	'',	'Guest Lecturer-Shift I',	'rengan@mymail.com',	18,	'0390024610415f44c9d5ca4a01dd96bb09fc95e6450bfd740a9a4cf4abcc8346',	'Male',	'2024-01-03',	'12012',	'Null'),
(120,	'DR.V.THIRUKUMARAN',	'',	'Associate Professor',	'v.thirukumaran@mymail.com',	17,	'0390024610415f44c9d5ca4a01dd96bb09fc95e6450bfd740a9a4cf4abcc8333',	'Male',	'2023-12-21',	'12012',	'Null'),
(121,	'Mr. M.JAYABALAN',	'',	'Associate Professor & Head',	'm.jayabalan@mymail.com',	17,	'0390024610415f44c9d5ca4a01dd96bb09fc95e6450bfd740a9a4cf4abcc8332',	'Male',	'2023-12-20',	'12012',	'Null'),
(122,	'Dr. N.VIJAYAKUMAR',	'',	'Associate Professor',	'n.vijayakumar@mymail.com',	17,	'0390024610415f44c9d5ca4a01dd96bb09fc95e6450bfd740a9a4cf4abcc8334',	'Male',	'2023-12-22',	'12012',	'Null'),
(123,	'Dr. V.THIURMURUGAN',	'',	'Associate Professor',	'v.thiurmurugan@mymail.com',	17,	'0390024610415f44c9d5ca4a01dd96bb09fc95e6450bfd740a9a4cf4abcc8335',	'Male',	'2023-12-23',	'12012',	'Null'),
(124,	'Dr. P.PRAGATHEESWARAN',	'',	'Assistant Professor',	'p.pragatheeswaran@mymail.com',	17,	'0390024610415f44c9d5ca4a01dd96bb09fc95e6450bfd740a9a4cf4abcc8336',	'Male',	'2023-12-24',	'12012',	'Null'),
(125,	'Mr. T.SUNDAR',	'',	'Assistant Professor',	't.sundar@mymail.com',	17,	'0390024610415f44c9d5ca4a01dd96bb09fc95e6450bfd740a9a4cf4abcc8337',	'Male',	'2023-12-25',	'12012',	'Null'),
(126,	'Dr. C.BOOBALAN',	'',	'Assistant Professor',	'c.boobalan@mymail.com',	17,	'0390024610415f44c9d5ca4a01dd96bb09fc95e6450bfd740a9a4cf4abcc8338',	'Male',	'2023-12-26',	'12012',	'Null'),
(127,	'P. PALPANDIAN',	'',	'Guest Lecturer-Shift I',	'palpandian@mymail.com',	17,	'0390024610415f44c9d5ca4a01dd96bb09fc95e6450bfd740a9a4cf4abcc8339',	'Male',	'2023-12-27',	'12012',	'Null'),
(128,	'I. MOHAMMED KIZAR',	'',	'Guest Lecturer-Shift I',	'kizar@mymail.com',	17,	'0390024610415f44c9d5ca4a01dd96bb09fc95e6450bfd740a9a4cf4abcc8340',	'Male',	'2023-12-28',	'12012',	'Null'),
(129,	'Dr.R. PASUPATHI',	'',	'Guest Lecturer-Shift I',	'pasupathi@mymail.com',	17,	'0390024610415f44c9d5ca4a01dd96bb09fc95e6450bfd740a9a4cf4abcc8341',	'Male',	'2023-12-29',	'12012',	'Null'),
(130,	'Mrs.S.PREMA',	'',	'Assistant Professor',	's.prema@mymail.com',	3,	'0390024610415f44c9d5ca4a01dd96bb09fc95e6450bfd740a9a4cf4abcc8186',	'Male',	'2023-07-27',	'12012',	'Null'),
(131,	'Dr. A.THENNARASU',	'',	'Associate Professor & Head',	'a.thennarasu@mymail.com',	3,	'0390024610415f44c9d5ca4a01dd96bb09fc95e6450bfd740a9a4cf4abcc8179',	'Male',	'2023-07-20',	'12012',	'Null'),
(132,	'Mr. D.JAHIRHUSSAIN',	'',	'Associate Professor',	'd.jahirhussain@mymail.com',	3,	'0390024610415f44c9d5ca4a01dd96bb09fc95e6450bfd740a9a4cf4abcc8180',	'Male',	'2023-07-21',	'12012',	'Null'),
(133,	'Mr. C.PALANI',	'',	'Associate Professor',	'c.palani@mymail.com',	3,	'0390024610415f44c9d5ca4a01dd96bb09fc95e6450bfd740a9a4cf4abcc8181',	'Male',	'2023-07-22',	'12012',	'Null'),
(134,	'Dr. P.PALANIAMMAL',	'',	'Assistant Professor',	'p.palaniammal@mymail.com',	3,	'0390024610415f44c9d5ca4a01dd96bb09fc95e6450bfd740a9a4cf4abcc8182',	'Male',	'2023-07-23',	'12012',	'Null'),
(135,	'Dr. N.ARIVALAGAN',	'',	'Assistant Professor',	'n.arivalagan@mymail.com',	3,	'0390024610415f44c9d5ca4a01dd96bb09fc95e6450bfd740a9a4cf4abcc8183',	'Male',	'2023-07-24',	'12012',	'Null'),
(136,	'Mr. S.SATHISHKUMAR',	'',	'Assistant Professor',	's.sathishkumar@mymail.com',	3,	'0390024610415f44c9d5ca4a01dd96bb09fc95e6450bfd740a9a4cf4abcc8184',	'Male',	'2023-07-25',	'12012',	'Null'),
(137,	'Mr. N.RANGANATHAN',	'',	'Assistant Professor',	'n.ranganathan@mymail.com',	3,	'0390024610415f44c9d5ca4a01dd96bb09fc95e6450bfd740a9a4cf4abcc8185',	'Male',	'2023-07-26',	'12012',	'Null'),
(138,	'Ms. K.MARIYAMMAL @ KARPAGAM',	'',	'Assistant Professor',	' karpagam@mymail.com',	3,	'0390024610415f44c9d5ca4a01dd96bb09fc95e6450bfd740a9a4cf4abcc8187',	'Male',	'2023-07-28',	'12012',	'Null'),
(139,	'A. ADHISIVAN',	'',	'Guest Lecturer-Shift II',	'adhisivan@mymail.com',	3,	'0390024610415f44c9d5ca4a01dd96bb09fc95e6450bfd740a9a4cf4abcc8189',	'Male',	'2023-07-30',	'12012',	'Null'),
(140,	'K. SEMMANNAN',	'',	'Guest Lecturer-Shift II',	'semmannan@mymail.com',	3,	'0390024610415f44c9d5ca4a01dd96bb09fc95e6450bfd740a9a4cf4abcc8190',	'Male',	'2023-07-31',	'12012',	'Null'),
(141,	'DR. K.R. KANNAN',	'',	'Guest Lecturer-Shift II',	'kannan@mymail.com',	3,	'0390024610415f44c9d5ca4a01dd96bb09fc95e6450bfd740a9a4cf4abcc8191',	'Male',	'2023-08-01',	'12012',	'Null'),
(142,	'J. MANIKANDAN',	'',	'Guest Lecturer-Shift II',	'manikandan@mymail.com',	3,	'0390024610415f44c9d5ca4a01dd96bb09fc95e6450bfd740a9a4cf4abcc8192',	'Male',	'2023-08-02',	'12012',	'Null'),
(143,	'Dr.A.VIVEKANANDHAN',	'',	'Guest Lecturer-Shift I',	'a.vivekanandhan@mymail.com',	10,	'0390024610415f44c9d5ca4a01dd96bb09fc95e6450bfd740a9a4cf4abcc8244',	'Male',	'2023-09-23',	'12012',	'Null'),
(144,	'Dr.S. KALAICHELVAN',	'',	'PRINCIPAL  & HOD I/c',	'kalaichelvan@mymail.com',	10,	'0390024610415f44c9d5ca4a01dd96bb09fc95e6450bfd740a9a4cf4abcc8242',	'Male',	'2023-09-21',	'12012',	'Null'),
(145,	'P. PRABHU',	'',	'Guest Lecturer-Shift I',	'prabhu@mymail.com',	10,	'0390024610415f44c9d5ca4a01dd96bb09fc95e6450bfd740a9a4cf4abcc8243',	'Male',	'2023-09-22',	'12012',	'Null'),
(146,	'Mr.G.SIVARAM',	'',	'Associate Professor & Head',	'g.sivaram@mymail.com',	11,	'0390024610415f44c9d5ca4a01dd96bb09fc95e6450bfd740a9a4cf4abcc8245',	'Male',	'2023-09-24',	'12012',	'Null'),
(147,	'Dr.D.RAMYA',	'',	'Assistant Professor',	'd.ramya@mymail.com',	11,	'0390024610415f44c9d5ca4a01dd96bb09fc95e6450bfd740a9a4cf4abcc8255',	'Male',	'2023-10-04',	'12012',	'Null'),
(148,	'Mr.S.UMAMAHESHWARAN',	'',	'Assistant Professor',	's.umamaheshwaran@mymail.com',	11,	'0390024610415f44c9d5ca4a01dd96bb09fc95e6450bfd740a9a4cf4abcc8257',	'Male',	'2023-10-06',	'12012',	'Null'),
(149,	'D.EASWARI',	'',	'Guest Lecturer-Shift II',	'easwari@mymail.com',	11,	'0390024610415f44c9d5ca4a01dd96bb09fc95e6450bfd740a9a4cf4abcc8261',	'Male',	'2023-10-10',	'12012',	'Null'),
(150,	'R.SATHYA',	'',	'Guest Lecturer-Shift II',	'sathya@mymail.com',	11,	'0390024610415f44c9d5ca4a01dd96bb09fc95e6450bfd740a9a4cf4abcc8262',	'Male',	'2023-10-11',	'12012',	'Null'),
(151,	'Dr. S.SHANMUGASUNDRAM',	'',	'Assistant Professor',	's.shanmugasundram@mymail.com',	11,	'0390024610415f44c9d5ca4a01dd96bb09fc95e6450bfd740a9a4cf4abcc8246',	'Male',	'2023-09-25',	'12012',	'Null'),
(152,	'Dr. A.MURUGESAN',	'',	'Assistant Professor',	'a.murugesan@mymail.com',	11,	'0390024610415f44c9d5ca4a01dd96bb09fc95e6450bfd740a9a4cf4abcc8247',	'Male',	'2023-09-26',	'12012',	'Null'),
(153,	'Mrs. C.BABY',	'',	'Assistant Professor',	'c.baby@mymail.com',	11,	'0390024610415f44c9d5ca4a01dd96bb09fc95e6450bfd740a9a4cf4abcc8248',	'Male',	'2023-09-27',	'12012',	'Null'),
(154,	'Dr. P.BANUMATHI',	'',	'Assistant Professor',	'p.banumathi@mymail.com',	11,	'0390024610415f44c9d5ca4a01dd96bb09fc95e6450bfd740a9a4cf4abcc8249',	'Male',	'2023-09-28',	'12012',	'Null'),
(155,	'Mrs. V.PAPPY ANTONY SAGAYA MARY',	'',	'Assistant Professor',	'mary@mymail.com',	11,	'0390024610415f44c9d5ca4a01dd96bb09fc95e6450bfd740a9a4cf4abcc8250',	'Male',	'2023-09-29',	'12012',	'Null'),
(156,	'Dr.P.SENTHIL VADIVU',	'',	'Assistant Professor',	'vadivu@mymail.com',	11,	'0390024610415f44c9d5ca4a01dd96bb09fc95e6450bfd740a9a4cf4abcc8251',	'Male',	'2023-09-30',	'12012',	'Null'),
(157,	'Dr. S.MEHARBANU',	'',	'Assistant Professor',	's.meharbanu@mymail.com',	11,	'0390024610415f44c9d5ca4a01dd96bb09fc95e6450bfd740a9a4cf4abcc8252',	'Male',	'2023-10-01',	'12012',	'Null'),
(158,	'Dr. S.KARTHIKEYAN',	'',	'Assistant Professor',	's.karthikeyan@mymail.com',	11,	'0390024610415f44c9d5ca4a01dd96bb09fc95e6450bfd740a9a4cf4abcc8253',	'Male',	'2023-10-02',	'12012',	'Null'),
(159,	'Dr.S.VIKRAMA PRASAD',	'',	'Assistant Professor',	'prasad@mymail.com',	11,	'0390024610415f44c9d5ca4a01dd96bb09fc95e6450bfd740a9a4cf4abcc8254',	'Male',	'2023-10-03',	'12012',	'Null'),
(160,	'Mr. P.RAMASAMY',	'',	'Assistant Professor',	'p.ramasamy@mymail.com',	11,	'0390024610415f44c9d5ca4a01dd96bb09fc95e6450bfd740a9a4cf4abcc8256',	'Male',	'2023-10-05',	'12012',	'Null'),
(161,	'R.SARASWATHI',	'',	'Guest Lecturer-Shift I',	'hya murthy@mymail.com',	11,	'0390024610415f44c9d5ca4a01dd96bb09fc95e6450bfd740a9a4cf4abcc8258',	'Male',	'2023-10-07',	'12012',	'Null'),
(162,	'M. SUMATHI',	'',	'Guest Lecturer-Shift I',	'sumathi@mymail.com',	11,	'0390024610415f44c9d5ca4a01dd96bb09fc95e6450bfd740a9a4cf4abcc8259',	'Male',	'2023-10-08',	'12012',	'Null'),
(163,	'T. INDUMATHI',	'',	'Guest Lecturer-Shift II',	'indumathi@mymail.com',	11,	'0390024610415f44c9d5ca4a01dd96bb09fc95e6450bfd740a9a4cf4abcc8260',	'Male',	'2023-10-09',	'12012',	'Null'),
(164,	'Dr.K.MANGAIARKKARASI',	'',	'Associate Professor & Head',	'k.mangaiarkkarasi@mymail.com',	13,	'0390024610415f44c9d5ca4a01dd96bb09fc95e6450bfd740a9a4cf4abcc8276',	'Male',	'2023-10-25',	'12012',	'Null'),
(165,	'Dr.N.SURUMBARKUZHALI',	'',	'Assistant Professor',	'n.surumbarkuzhali@mymail.com',	13,	'0390024610415f44c9d5ca4a01dd96bb09fc95e6450bfd740a9a4cf4abcc8277',	'Male',	'2023-10-26',	'12012',	'Null'),
(166,	'Dr.S.ARAVINDAN',	'',	'Assistant Professor',	's.aravindan@mymail.com',	13,	'0390024610415f44c9d5ca4a01dd96bb09fc95e6450bfd740a9a4cf4abcc8280',	'Male',	'2023-10-29',	'12012',	'Null'),
(167,	'Dr.M.KUMAR',	'',	'Assistant Professor',	'm.kumar@mymail.com',	13,	'0390024610415f44c9d5ca4a01dd96bb09fc95e6450bfd740a9a4cf4abcc8281',	'Male',	'2023-10-30',	'12012',	'Null'),
(168,	'Dr.V.RAVI',	'',	'Assistant Professor',	'v.ravi@mymail.com',	13,	'0390024610415f44c9d5ca4a01dd96bb09fc95e6450bfd740a9a4cf4abcc8282',	'Male',	'2023-10-31',	'12012',	'Null'),
(169,	'Dr.G.GOBI',	'',	'Assistant Professor',	'g.gobi@mymail.com',	13,	'0390024610415f44c9d5ca4a01dd96bb09fc95e6450bfd740a9a4cf4abcc8283',	'Male',	'2023-11-01',	'12012',	'Null'),
(170,	'Mr.P.MOHANAVELU',	'',	'Assistant Professor',	'p.mohanavelu@mymail.com',	13,	'0390024610415f44c9d5ca4a01dd96bb09fc95e6450bfd740a9a4cf4abcc8284',	'Male',	'2023-11-02',	'12012',	'Null'),
(171,	'Dr.S.SIVAKUMAR',	'',	'Assistant Professor',	's.sivakumar@mymail.com',	13,	'0390024610415f44c9d5ca4a01dd96bb09fc95e6450bfd740a9a4cf4abcc8285',	'Male',	'2023-11-03',	'12012',	'Null'),
(172,	'Dr.N.JAYAMANI',	'',	'Assistant Professor',	'n.jayamani@mymail.com',	13,	'0390024610415f44c9d5ca4a01dd96bb09fc95e6450bfd740a9a4cf4abcc8286',	'Male',	'2023-11-04',	'12012',	'Null'),
(173,	'Dr.C.ROUMANA',	'',	'Assistant Professor',	'c.roumana@mymail.com',	13,	'0390024610415f44c9d5ca4a01dd96bb09fc95e6450bfd740a9a4cf4abcc8288',	'Male',	'2023-11-06',	'12012',	'Null'),
(174,	'K.ASHOK',	'',	'Guest Lecturer-Shift II',	'ashok@mymail.com',	13,	'0390024610415f44c9d5ca4a01dd96bb09fc95e6450bfd740a9a4cf4abcc8289',	'Male',	'2023-11-07',	'12012',	'Null'),
(175,	'N.RAMANI',	'',	'Guest Lecturer-Shift II',	'ramani@mymail.com',	13,	'0390024610415f44c9d5ca4a01dd96bb09fc95e6450bfd740a9a4cf4abcc8290',	'Male',	'2023-11-08',	'12012',	'Null'),
(176,	'Dr. R. UTHRAKUMAR',	'',	'Assistant Professor',	'uthrakumar@mymail.com',	13,	'0390024610415f44c9d5ca4a01dd96bb09fc95e6450bfd740a9a4cf4abcc8287',	'Male',	'2023-11-05',	'12012',	'Null'),
(177,	'Dr.M.E.RAJA SARAVANAN',	'',	'Assistant Professor',	'saravanan@mymail.com',	13,	'0390024610415f44c9d5ca4a01dd96bb09fc95e6450bfd740a9a4cf4abcc8278',	'Male',	'2023-10-27',	'12012',	'Null'),
(178,	'Dr. P.RAMU',	'',	'Assistant Professor',	'p.ramu@mymail.com',	13,	'0390024610415f44c9d5ca4a01dd96bb09fc95e6450bfd740a9a4cf4abcc8279',	'Male',	'2023-10-28',	'12012',	'Null'),
(179,	'Dr. V. VEERAMUTHU',	'',	'Assistant Professor & Head',	'veeramuthu@mymail.com',	8,	'0390024610415f44c9d5ca4a01dd96bb09fc95e6450bfd740a9a4cf4abcc8235',	'Male',	'2023-09-14',	'12012',	'Null'),
(180,	'Dr. R. TAMILANBAN',	'',	'Guest Lecturer-Shift I',	'tamilanban@mymail.com',	8,	'0390024610415f44c9d5ca4a01dd96bb09fc95e6450bfd740a9a4cf4abcc8236',	'Male',	'2023-09-15',	'12012',	'Null'),
(181,	'Dr. K.PREMA',	'',	'Guest Lecturer-Shift I',	'k.prema@mymail.com',	8,	'0390024610415f44c9d5ca4a01dd96bb09fc95e6450bfd740a9a4cf4abcc8237',	'Male',	'2023-09-16',	'12012',	'Null'),
(182,	'V. MURUGESAN',	'',	'Guest Lecturer-Shift II',	'murugesan@mymail.com',	8,	'0390024610415f44c9d5ca4a01dd96bb09fc95e6450bfd740a9a4cf4abcc8238',	'Male',	'2023-09-17',	'12012',	'Null'),
(183,	'Dr. V. VEERAMUTHU',	'',	'Assistant Professor & Head I/c',	'veeramuthu@mymail.com',	9,	'0390024610415f44c9d5ca4a01dd96bb09fc95e6450bfd740a9a4cf4abcc8239',	'Male',	'2023-09-18',	'12012',	'Null'),
(184,	'Dr. M. GOBI',	'',	'Guest Lecturer-Shift I',	'gobi@mymail.com',	9,	'0390024610415f44c9d5ca4a01dd96bb09fc95e6450bfd740a9a4cf4abcc8240',	'Male',	'2023-09-19',	'12012',	'Null'),
(185,	'S. MEIYAZHAGAN',	'',	'Guest Lecturer-Shift I',	'meiyazhagan@mymail.com',	9,	'0390024610415f44c9d5ca4a01dd96bb09fc95e6450bfd740a9a4cf4abcc8241',	'Male',	'2023-09-20',	'12012',	'Null'),
(186,	'V.SASIKALA',	'',	'Guest Lecturer-Shift II',	'sasikala@mymail.com',	12,	'0390024610415f44c9d5ca4a01dd96bb09fc95e6450bfd740a9a4cf4abcc8273',	'Male',	'2023-10-22',	'12012',	'Null'),
(187,	'J.HEMALATHA',	'',	'Guest Lecturer-Shift II',	'hemalatha@mymail.com',	12,	'0390024610415f44c9d5ca4a01dd96bb09fc95e6450bfd740a9a4cf4abcc8274',	'Male',	'2023-10-23',	'12012',	'Null'),
(188,	'R.SATHYA',	'',	'Guest Lecturer-Shift II',	'sathya@mymail.com',	12,	'0390024610415f44c9d5ca4a01dd96bb09fc95e6450bfd740a9a4cf4abcc8275',	'Male',	'2023-10-24',	'12012',	'Null'),
(189,	'Mr. M.VALAVAN',	'',	'Assistant Professor & Head',	'm.valavan@mymail.com',	12,	'0390024610415f44c9d5ca4a01dd96bb09fc95e6450bfd740a9a4cf4abcc8263',	'Male',	'2023-10-12',	'12012',	'Null'),
(190,	'Dr. C.GEETHA',	'',	'Assistant Professor',	'c.geetha@mymail.com',	12,	'0390024610415f44c9d5ca4a01dd96bb09fc95e6450bfd740a9a4cf4abcc8264',	'Male',	'2023-10-13',	'12012',	'Null'),
(191,	'Dr. R. SELVAM',	'',	'Assistant Professor',	'selvam@mymail.com',	12,	'0390024610415f44c9d5ca4a01dd96bb09fc95e6450bfd740a9a4cf4abcc8265',	'Male',	'2023-10-14',	'12012',	'Null'),
(192,	'Dr. G.K.VIJAYA',	'',	'Assistant Professor',	'g.k.vijaya@mymail.com',	12,	'0390024610415f44c9d5ca4a01dd96bb09fc95e6450bfd740a9a4cf4abcc8266',	'Male',	'2023-10-15',	'12012',	'Null'),
(193,	'Dr. S.NAZREEN BEGUM',	'',	'Assistant Professor',	'begum@mymail.com',	12,	'0390024610415f44c9d5ca4a01dd96bb09fc95e6450bfd740a9a4cf4abcc8267',	'Male',	'2023-10-16',	'12012',	'Null'),
(194,	'Dr. K.A.VENKATACHALAM',	'',	'Assistant Professor',	'k.a.venkatachalam@mymail.com',	12,	'0390024610415f44c9d5ca4a01dd96bb09fc95e6450bfd740a9a4cf4abcc8268',	'Male',	'2023-10-17',	'12012',	'Null'),
(195,	'Dr. A.GANESAN',	'',	'Assistant Professor',	'a.ganesan@mymail.com',	12,	'0390024610415f44c9d5ca4a01dd96bb09fc95e6450bfd740a9a4cf4abcc8269',	'Male',	'2023-10-18',	'12012',	'Null'),
(196,	'Dr. R.SUBATHRA',	'',	'Assistant Professor',	'r.subathra@mymail.com',	12,	'0390024610415f44c9d5ca4a01dd96bb09fc95e6450bfd740a9a4cf4abcc8270',	'Male',	'2023-10-19',	'12012',	'Null'),
(197,	'Dr. M. SAKTHI',	'',	'Assistant Professor',	'sakthi@mymail.com',	12,	'0390024610415f44c9d5ca4a01dd96bb09fc95e6450bfd740a9a4cf4abcc8271',	'Male',	'2023-10-20',	'12012',	'Null'),
(198,	'Dr. P.BALAMURUGAN',	'',	'Assistant Professor',	'p.balamurugan@mymail.com',	12,	'0390024610415f44c9d5ca4a01dd96bb09fc95e6450bfd740a9a4cf4abcc8272',	'Male',	'2023-10-21',	'12012',	'Null'),
(199,	'Dr. R. SHANTHY',	'',	'Associate Professor & Head',	'shanthy@mymail.com',	1,	'0390024610415f44c9d5ca4a01dd96bb09fc95e6450bfd740a9a4cf4abcc8130',	'Male',	'2023-01-01',	'12012',	'Null'),
(200,	'Dr. J. PREMALATHA',	'',	'Associate Professor',	'premalatha@mymail.com',	1,	'0390024610415f44c9d5ca4a01dd96bb09fc95e6450bfd740a9a4cf4abcc8131',	'Male',	'2023-06-02',	'12012',	'Null'),
(201,	'Dr. R. ACHUTHAN',	'',	'Assistant Professor',	'achuthan@mymail.com',	1,	'0390024610415f44c9d5ca4a01dd96bb09fc95e6450bfd740a9a4cf4abcc8132',	'Male',	'2023-06-03',	'12012',	'Null'),
(202,	'Dr. T.K. CHITIRAISELVI',	'',	'Assistant Professor',	'chitiraiselvi@mymail.com',	1,	'0390024610415f44c9d5ca4a01dd96bb09fc95e6450bfd740a9a4cf4abcc8133',	'Male',	'2023-06-04',	'12012',	'Null'),
(203,	'Dr. V.OUMARANY',	'',	'Assistant Professor',	'v.oumarany@mymail.com',	1,	'0390024610415f44c9d5ca4a01dd96bb09fc95e6450bfd740a9a4cf4abcc8134',	'Male',	'2023-06-05',	'12012',	'Null'),
(204,	'Dr. R.THIRUPPATHI',	'',	'Assistant Professor',	'r.thiruppathi@mymail.com',	1,	'0390024610415f44c9d5ca4a01dd96bb09fc95e6450bfd740a9a4cf4abcc8135',	'Male',	'2023-06-06',	'12012',	'Null'),
(205,	'Dr. K. KARTHIKEYAN',	'',	'Assistant Professor',	'karthikeyan@mymail.com',	1,	'0390024610415f44c9d5ca4a01dd96bb09fc95e6450bfd740a9a4cf4abcc8136',	'Male',	'2023-06-07',	'12012',	'Null'),
(206,	'Dr. R.SRINIVASAN',	'',	'Assistant Professor',	'r.srinivasan@mymail.com',	1,	'0390024610415f44c9d5ca4a01dd96bb09fc95e6450bfd740a9a4cf4abcc8137',	'Male',	'2023-06-08',	'12012',	'Null'),
(207,	'Dr. K.GOWRI',	'',	'Assistant Professor',	'k.gowri@mymail.com',	1,	'0390024610415f44c9d5ca4a01dd96bb09fc95e6450bfd740a9a4cf4abcc8138',	'Male',	'2023-06-09',	'12012',	'Null'),
(208,	'Dr. M.SHANMUGAPRIYA',	'',	'Assistant Professor',	'm.shanmugapriya@mymail.com',	1,	'0390024610415f44c9d5ca4a01dd96bb09fc95e6450bfd740a9a4cf4abcc8139',	'Male',	'2023-06-10',	'12012',	'Null'),
(209,	'Dr. K.CHANDRAN',	'',	'Assistant Professor',	'k.chandran@mymail.com',	1,	'0390024610415f44c9d5ca4a01dd96bb09fc95e6450bfd740a9a4cf4abcc8140',	'Male',	'2023-06-11',	'12012',	'Null'),
(210,	'Dr.R. NAGAVENI',	'',	'Guest Lecturer-Shift I',	'nagaveni@mymail.com',	1,	'0390024610415f44c9d5ca4a01dd96bb09fc95e6450bfd740a9a4cf4abcc8141',	'Male',	'2023-06-12',	'12012',	'Null'),
(211,	'Dr.S.MUTHU NAGAI',	'',	'Guest Lecturer-Shift II',	'nagai@mymail.com',	1,	'0390024610415f44c9d5ca4a01dd96bb09fc95e6450bfd740a9a4cf4abcc8142',	'Male',	'2023-06-13',	'12012',	'Null'),
(212,	'Mr. P. MURUGESAN',	'',	'Guest Lecturer-Shift II',	'murugesan@mymail.com',	1,	'0390024610415f44c9d5ca4a01dd96bb09fc95e6450bfd740a9a4cf4abcc8143',	'Male',	'2023-06-14',	'12012',	'Null'),
(213,	'Dr. R. GOMATHI',	'',	'Guest Lecturer-Shift II',	'gomathi@mymail.com',	1,	'0390024610415f44c9d5ca4a01dd96bb09fc95e6450bfd740a9a4cf4abcc8144',	'Male',	'2023-06-15',	'12012',	'Null'),
(214,	'Dr. A. UMA',	'',	'Guest Lecturer-Shift II',	'uma@mymail.com',	1,	'0390024610415f44c9d5ca4a01dd96bb09fc95e6450bfd740a9a4cf4abcc8145',	'Male',	'2023-06-16',	'12012',	'Null'),
(215,	'Dr. M. UMA',	'',	'Guest Lecturer-Shift II',	'uma@mymail.com',	1,	'0390024610415f44c9d5ca4a01dd96bb09fc95e6450bfd740a9a4cf4abcc8146',	'Male',	'2023-06-17',	'12012',	'Null'),
(216,	'Mr. C.S. KANDASAMY',	'',	'Guest Lecturer-Shift II',	'kandasamy@mymail.com',	1,	'0390024610415f44c9d5ca4a01dd96bb09fc95e6450bfd740a9a4cf4abcc8147',	'Male',	'2023-06-18',	'12012',	'Null'),
(217,	'Dr.A. MANIMEKALAI',	'',	'Guest Lecturer-Shift II',	'manimekalai@mymail.com',	1,	'0390024610415f44c9d5ca4a01dd96bb09fc95e6450bfd740a9a4cf4abcc8148',	'Male',	'2023-06-19',	'12012',	'Null'),
(218,	'Dr.C. BABY CHITRA',	'',	'Guest Lecturer-Shift II',	'chitra@mymail.com',	1,	'0390024610415f44c9d5ca4a01dd96bb09fc95e6450bfd740a9a4cf4abcc8149',	'Male',	'2023-06-20',	'12012',	'Null'),
(219,	'Dr. P. RATHAI',	'',	'Guest Lecturer-Shift II',	'rathai@mymail.com',	1,	'0390024610415f44c9d5ca4a01dd96bb09fc95e6450bfd740a9a4cf4abcc8150',	'Male',	'2023-06-21',	'12012',	'Null'),
(220,	'Dr. T. MARI',	'',	'Guest Lecturer-Shift II',	'mari@mymail.com',	1,	'0390024610415f44c9d5ca4a01dd96bb09fc95e6450bfd740a9a4cf4abcc8151',	'Male',	'2023-06-22',	'12012',	'Null'),
(221,	'Dr.K.VENKATRAMALINGAM',	'',	'Assistant Professor',	'k.venkatramalingam@mymail.com',	16,	'0390024610415f44c9d5ca4a01dd96bb09fc95e6450bfd740a9a4cf4abcc8327',	'Male',	'2023-12-15',	'12012',	'Null'),
(222,	'Dr.S.SUNDARAVEL',	'',	'Assistant Professor',	's.sundaravel@mymail.com',	16,	'0390024610415f44c9d5ca4a01dd96bb09fc95e6450bfd740a9a4cf4abcc8328',	'Male',	'2023-12-16',	'12012',	'Null'),
(223,	'Dr. P.VASANTHI',	'',	'Associate Professor & Head',	'p.vasanthi@mymail.com',	16,	'0390024610415f44c9d5ca4a01dd96bb09fc95e6450bfd740a9a4cf4abcc8323',	'Male',	'2023-12-11',	'12012',	'Null'),
(224,	'Mr. M.ABAREETHAN',	'',	'Assistant Professor',	'm.abareethan@mymail.com',	16,	'0390024610415f44c9d5ca4a01dd96bb09fc95e6450bfd740a9a4cf4abcc8324',	'Male',	'2023-12-12',	'12012',	'Null'),
(225,	'Dr. A.JAGAJOTHI',	'',	'Assistant Professor',	'a.jagajothi@mymail.com',	16,	'0390024610415f44c9d5ca4a01dd96bb09fc95e6450bfd740a9a4cf4abcc8325',	'Male',	'2023-12-13',	'12012',	'Null'),
(226,	'Dr.N. SARAVANAN',	'',	'Assistant Professor',	'saravanan@mymail.com',	16,	'0390024610415f44c9d5ca4a01dd96bb09fc95e6450bfd740a9a4cf4abcc8326',	'Male',	'2023-12-14',	'12012',	'Null'),
(227,	'Dr. K. BALAMURUGAN',	'',	'Guest Lecturer-Shift I',	'balamurugan@mymail.com',	16,	'0390024610415f44c9d5ca4a01dd96bb09fc95e6450bfd740a9a4cf4abcc8330',	'Male',	'2023-12-18',	'12012',	'Null'),
(228,	'Dr. M.ANBALAGAN',	'',	'Guest Lecturer-Shift I',	'm.anbalagan@mymail.com',	16,	'0390024610415f44c9d5ca4a01dd96bb09fc95e6450bfd740a9a4cf4abcc8331',	'Male',	'2023-12-19',	'12012',	'Null');

-- 2023-06-14 13:46:32
